매장명,매장주소
본 죽&비빔밥 전농뉴타운점,서울특별시 동대문구 답십리로 77 (전농동) 1층
본 죽&비빔밥 가산디지털점,"서울특별시 금천구 가산디지털1로 186 (가산동, 제이플라츠) 104-2호"
본 죽&비빔밥 회현역점,"서울특별시 중구 퇴계로 72 (회현동1가, 리더스뷰남산) 115호"
본 죽&비빔밥 남성역점,"서울특별시 동작구 사당로 215 (사당동, 서림빌딩) 103호"
본설렁탕 구로디지털단지점,"서울특별시 구로구 디지털로31길 53 (구로동, 이앤씨벤처드림타워5차) 104호"
본도시락 청담점,서울특별시 강남구 학동로101길 7(청담동) 2층
본 죽&비빔밥 논현점,"서울특별시 강남구 학동로4길 15 (논현동, 동화상가) 106호"
본 죽&비빔밥 매봉역점,서울특별시 강남구 남부순환로378길 12 (도곡동)
본도시락 중곡점,서울특별시 중랑구 면목로 231-1 (면목동) 1층
본 죽&비빔밥 보라매역점,서울특별시 동작구 여의대방로24가길 8 (대방동) 1층
본도시락 수락산역점,"서울특별시 노원구 동일로 1701 (상계동, 희성오피앙) 1층"
본도시락 마포역점,서울특별시 마포구 토정로 317 (용강동) 1층
본 죽&비빔밥 숭실대역점,서울특별시 동작구 상도로 351 (상도동) 1층
본설렁탕 위례점,서울특별시 송파구 장지동 896 위례중앙푸르지오2단지 제상가동 제1층 제124호
본도시락 문정법조타운점,"서울특별시 송파구 충민로 5 (문정동, 송파한화오벨리스크) 119호"
(취소)본 죽&비빔밥 구의시장점,서울특별시 광진구 광나루로 532 (구의동) 1층
본 죽&비빔밥 오목교역점,서울특별시 양천구 신목로 83 (신정동) 1층
본 죽&비빔밥 종로르메이에르점,"서울특별시 종로구 종로 19 (종로1가, 르메이에르종로타운1) B1층"
본 죽&비빔밥 행당동점,서울특별시 성동구 행당로 101 (행당동) 1층
본설렁탕 문래점,"서울특별시 영등포구 선유로13길 25 (문래동6가, 에이스하이테크시티2) 117호"
본 죽&비빔밥 응암오거리점,서울특별시 은평구 가좌로 245-1 (응암동) 1층
본 죽&비빔밥 충무로역점,서울특별시 중구 서애로1길 11 (충무로5가) 충무로헤센스마트아파트상가 1층 B125호
본도시락 압구정역점,서울특별시 강남구 압구정로18길 12 (신사동) 1층
본도시락 홍대점,"서울특별시 마포구 홍익로 10 (서교동, 서교푸르지오) B107호"
본도시락 길동점,"서울특별시 강동구 진황도로 123 (길동, 광남캐스빌아파트201) 1층"
본도시락 왕십리점,"서울특별시 성동구 마장로 137 (상왕십리동, 텐즈힐) 221동 1층 185호"
본 죽&비빔밥 용산센트럴점,"서울특별시 용산구 한강대로 95 (한강로2가, 래미안용산 더 센트럴) 지하 148호"
본도시락 마곡점,"서울특별시 강서구 강서로 411 (마곡동, 마곡에비앙) 108호"
본도시락 오목교점,"서울특별시 양천구 목동서로 285 (신정동, 황금 프라자) 109호"
본 죽&비빔밥 상일2동점,"서울특별시 강동구 상일로6길 39 (상일동, 강동타워) 1층"
본 죽&비빔밥 신림역점,서울특별시 관악구 신림로 309 (신림동) 1층
본설렁탕 상암DMC점,"서울특별시 마포구 월드컵북로54길 17 (상암동, 사보이시티디엠씨) B113호"
본 죽&비빔밥 길음뉴타운점,"서울특별시 성북구 길음로 74 (길음동, 길음뉴타운) 길음뉴타운상가 2동 108호"
본도시락 이수점,서울특별시 서초구 동광로 8 (방배동) 1층
본도시락 명동점,"서울특별시 중구 퇴계로20길 2 (남산동2가, 퍼시픽호텔) 1층"
본도시락 도곡동점,서울특별시 강남구 논현로34길 21 (도곡동) 1층 102호
본도시락 가산점,"서울특별시 금천구 벚꽃로56길 182 (가산동, 램킨푸르지오시티) 106호"
본도시락 방화점,서울특별시 강서구 양천로 85 (방화동) 1층
본도시락 신림점,서울특별시 관악구 신림동길 31-1 (신림동) 1층
본 죽&비빔밥 하계점,"서울특별시 노원구 노원로 248 (하계동, 삼정 이오니아) 106호"
본 죽&비빔밥 송정역점,서울특별시 강서구 공항대로 36 (공항동) 101호
본도시락 신사역점,서울특별시 강남구 압구정로2길 35 (신사동) 1층
본도시락 종로구청점,"서울특별시 종로구 삼봉로 81 (수송동, 두산위브파빌리온) 1층 115호"
본 죽&비빔밥 신반포점,"서울특별시 서초구 반포대로 287 (반포동, 래미안퍼스티지 중심상가) 1층"
본 죽&비빔밥 녹번점,서울특별시 은평구 은평로 240 (응암동) 힐스테이트 녹번역 근린생활시설 218호
본 죽&비빔밥 북아현점,"서울특별시 서대문구 신촌로35길 10 (북아현동, 이편한세상신촌) 402동 B401호"
본도시락 상일점,서울특별시 강동구 상일로12길 99 (상일동) 리엔프라자 1층101호
본 죽&비빔밥 연신갈현점,서울특별시 은평구 통일로83길 6-4 (갈현동) 1층
본 죽&비빔밥 홍은1동점,서울특별시 서대문구 홍은중앙로 103 (홍은동) 1층
본 죽&비빔밥 학동역점,"서울특별시 강남구 학동로 165 (논현동, 마일스디오빌) 1층"
본 죽&비빔밥 개봉점,서울특별시 구로구 남부순환로97길 11 (개봉동) 1층
본 죽&비빔밥 구로디지털역점,서울특별시 구로구 시흥대로 557 (구로동) 1층
본 죽&비빔밥 구의점,"서울특별시 광진구 자양로 113 (자양동, 구의 현대 하이엘) 102호"
본 죽&비빔밥 외대점,서울특별시 동대문구 이문로 100 (이문동) 1층
본 죽&비빔밥 서초내곡점,"서울특별시 서초구 청계산로9길 70 (내곡동, 내곡 SH 플라자) 102호"
본설렁탕 문정역점,"서울특별시 송파구 법원로 114 (문정동, 엠스테이트) B163호"
본 죽&비빔밥 등촌공항대로점,서울특별시 강서구 공항대로61길 14 (염창동) 1층
본설렁탕 성수역점,"서울특별시 성동구 아차산로 126 (성수동2가, 더리브 세종타워) 107호"
본 죽&비빔밥 고대구로병원점,서울특별시 구로구 구로동로29길 3 (구로동) 1층
본도시락 성수점,"서울 성동구 성수일로10길 26 (성수동2가, 하우스디 세종타워) 상가동 109호"
본 죽&비빔밥 상도점,서울특별시 동작구 양녕로26길 6 (상도동) 1층
본 죽&비빔밥 목동사거리점,"서울 양천구 등촌로 32 (목동, 목동 태영프라자) 104호"
본 죽&비빔밥 신촌점,서울 서대문구 연세로 20 (창천동) 2층
본 죽&비빔밥 서울금호점,서울 성동구 독서당로 311 (금호동3가) 1층
본도시락 수유점,서울 강북구 한천로 1023 (번동) 1층
본도시락 한남점,"서울 용산구 독서당로 22 (한남동, 동원베네스트) 107호"
본 죽&비빔밥 구로항동점,"서울 구로구 서해안로 2104 (항동, 엠프라자) 108호"
본 죽&비빔밥 마포롯데캐슬점,"서울 마포구 마포대로 109 (공덕동, 롯데캐슬프레지던트) 롯데캐슬프레지던트상가 지하1층 13-1호"
본도시락 삼성점,"서울특별시 강남구 테헤란로77길 13 (삼성동, 창조빌딩) 1층"
본 죽&비빔밥 돈암동점,서울특별시 성북구 아리랑로 6-1 (동선동4가)
본설렁탕 영등포양평역점,"서울특별시 영등포구 양산로 53 (양평동3가, 월드메르디앙비즈센터) 105호"
본 죽&비빔밥 옥수점,"서울 성동구 한림말3길 15 (옥수동, 국민약국) 1층"
본죽 신당동점,서울 중구 다산로36길 30 (신당동) 1층
본도시락 고려대점,서울 성북구 안암로 63 (안암동5가) 1층
본 죽&비빔밥 여의도역점,"서울 영등포구 여의나루로 42 (여의도동, 여의도종합상가) 203,204호"
본죽 동묘앞역점,서울 종로구 지봉로 52-1 (숭인동) 1층
본도시락 홍은점,"서울 서대문구 홍은중앙로3길 9 (홍은동, 북한산 두산위브) 1층"
본 죽&비빔밥 은평신사점,서울 은평구 은평로 23 (신사동) 1층
본 죽&비빔밥 태릉입구역점,"서울특별시 노원구 동일로 992 (공릉동, 대화빌딩) 1층"
본설렁탕 은평뉴타운점,"서울 은평구 진관2로 29-21 (진관동, 드림스퀘어) 102호"
본 죽&비빔밥 여의홍우점,"서울 영등포구 국제금융로 78 (여의도동, 홍우빌딩) 214,215호"
본도시락 선릉점,"서울특별시 강남구 선릉로82길 5 (대치동, 캥거루 빌딩)"
본 죽&비빔밥 강남구청역점,서울 강남구 논현동 112-3 1층
본도시락 영등포문래점,"서울특별시 영등포구 선유로13길 25 (문래동6가, 에이스하이테크시티2) 에이스하이테크시티 2차 105호"
본 죽&비빔밥 종로5가점,서울특별시 종로구 종로 199-1 (종로4가)
본 죽&비빔밥 합정역점,"서울 마포구 양화로 73 (서교동, 체리스빌딩) 102호"
본죽 만리점,"서울 중구 만리재로 175 (만리동2가, 서울역센트럴자이) 402동 109호"
본 죽&비빔밥 제기동역점,"서울특별시 동대문구 정릉천동로 58 (용두동, 롯데캐슬피렌체) 133호"
본도시락 충무로점,서울특별시 중구 수표로2길 7 (충무로3가)
본 죽&비빔밥 장안동점,"서울특별시 동대문구 장안벚꽃로 107 (장안동, 장안현대홈타운) 117호"
본 죽&비빔밥 사당연세사랑병원점,"서울특별시 서초구 효령로 22 (방배동, 멤버스뷰) 1층"
본 죽&비빔밥 봉화산역점,"서울특별시 중랑구 신내로 211 (신내동, 금강리빙스텔) 117호"
본 죽&비빔밥 공릉원자력병원점,"서울특별시 노원구 공릉로46길 6 (공릉동, 현대프라자) 101호"
본 죽&비빔밥 구로디지털포스트1차점,"서울 구로구 디지털로 288 (구로동, 대륭포스트타워1차) 109호"
본도시락 노원점,"서울 노원구 동일로218길 25 (상계동, 석창빌딩) 104호"
본도시락 신촌점,서울특별시 서대문구 연세로7안길 45 (창천동) 1층
본 죽&비빔밥 화랑대역점,"서울특별시 노원구 노원로1길 67 (공릉동, 대덕프라자) 104호"
본 죽&비빔밥 성수힐스테이트점,서울 성동구 성수일로4길 37 (성수동2가) 1층
본도시락 가락본동점,서울특별시 송파구 오금로36길 41 (가락동) 1층
본 죽&비빔밥 잠실레이크팰리스점,"서울 송파구 석촌호수로 138 (삼전동, 유시에셋) 1층"
본 죽&비빔밥 신사점,서울 강남구 도산대로11길 5 (신사동) 2층
본 죽&비빔밥 보라매점,"서울특별시 동작구 보라매로5길 43 (신대방동, 보라매삼성쉐르빌) 105호"
본 죽&비빔밥 길음역점,"서울특별시 성북구 동소문로 248 (길음동, 삼부아파트) 삼부아파트상가 105동 13.14호"
본 죽&비빔밥 경복궁역점,서울특별시 종로구 자하문로2길 1 (통의동) 1층
본 죽&비빔밥 역삼특허청점,"서울특별시 강남구 테헤란로14길 8 (역삼동, 강남역두산위브센티움) B107호"
본도시락 광운대역점,"서울특별시 노원구 석계로18길 23 (월계동, 삼능스페이스향) 삼능스페이스향 108호"
본죽 경희대점,서울특별시 동대문구 회기로 143 (회기동)
본도시락 마곡나루점,"서울특별시 강서구 마곡중앙5로1길 25 (마곡동, 마곡헤리움2차) 1층"
본 죽&비빔밥 쌍문점,"서울 도봉구 도당로 14 (쌍문동, 다보빌딩) 1층"
본 죽&비빔밥 창동점,서울 도봉구 노해로63가길 12 (창동)
본도시락 방학사거리점,서울특별시 도봉구 방학로 106 (방학동)
본도시락 서울시청점,서울특별시 중구 세종대로 66-5 (태평로2가)
본도시락 상봉점,"서울특별시 중랑구 동일로 676 (면목동, 삼경빌딩)"
본 죽&비빔밥 양재은광여고점,"서울특별시 강남구 남부순환로361길 9 (도곡동, 천성빌딩)"
본도시락 은평뉴타운점,"서울특별시 은평구 진관2로 19 (진관동, 휴먼프라자I) 119호"
본도시락 강남구청역점,"서울특별시 강남구 선릉로 649 (논현동, 대훈빌딩)"
본 죽&비빔밥 선유도역점,서울특별시 영등포구 양평로 113 (양평동4가)
본 죽&비빔밥 대흥역점,"서울특별시 마포구 대흥로 79 (대흥동, 동양엔파트) 상가동 108호"
본 죽&비빔밥 상일동역점,"서울특별시 강동구 고덕로 385 (고덕동, 고덕그라시움아파트(상가4동)) 고덕그라시움 4-복합상가동 215호"
본 죽&비빔밥 연세세브란스빌딩점,"서울특별시 중구 통일로 10 (남대문로5가, 연세대학교세브란스빌딩) 지하 1층"
본 죽&비빔밥 장승배기역점,"서울특별시 동작구 장승배기로11가길 11 (상도동, 상도파크자이) 1층"
본 죽&비빔밥 가산테라타워점,서울특별시 금천구 디지털로10길 78 (가산동) 가산테라타워 1층 122호
본 죽&비빔밥 세곡점,"서울특별시 강남구 헌릉로569길 9 (세곡동, 강남지웰파인즈) 106호"
본 죽&비빔밥 마곡나루역점,"서울특별시 강서구 마곡중앙로 161-8 (마곡동, 두산더랜드파크) A동 105호"
본도시락 고대구로병원점,서울특별시 구로구 구로동로25길 21 (구로동)
본도시락 신내점,"서울특별시 중랑구 신내역로 213 (신내동, 신내우디안프라자) 103호"
본도시락 보라매점,서울특별시 동작구 상도로 42 (대방동) 1층 2호
본도시락 위례중앙점,"서울특별시 송파구 위례광장로 120 (장지동, 위례중앙푸르지오1단지) B05-1"
본 죽&비빔밥 충정로브라운스톤점,"서울특별시 중구 청파로 464 (중림동, 브라운스톤서울) 110호"
본도시락 공릉점,"서울특별시 노원구 공릉로46길 18 (공릉동, 윤탁노블레스) 103호"
본 죽&비빔밥 숙대입구역점,서울특별시 용산구 청파로47길 21 (청파동2가)
본 죽&비빔밥 한남순천향병원점,"서울특별시 용산구 대사관로 63 (한남동, 한남치과)"
본도시락 동국대점,서울특별시 중구 퇴계로50가길 6-9 (묵정동)
본도시락 동여의도점,"서울특별시 영등포구 여의대방로70길 7 (여의도동, 한송빌딩) 1층"
본 죽&비빔밥 삼성역점,"서울특별시 강남구 테헤란로88길 10 (대치동, 신안메트로칸) B109"
본 죽&비빔밥 포이점,"서울특별시 서초구 마방로10길 18-1 (양재동, 남광빌딩)"
본 죽&비빔밥 낙성대점,서울특별시 관악구 솔밭로 2 (봉천동)
본죽 수락산역점,"서울특별시 노원구 동일로 1701 (상계동, 희성오피앙) 1층 108호"
본도시락 미아사거리점,서울특별시 성북구 종암로40길 42 (하월곡동)
본도시락 서울역점,"서울특별시 용산구 한강대로 351 (동자동, 미즈헤어)"
본 죽&비빔밥 중앙대점,서울특별시 동작구 흑석로 91 (흑석동)
본 죽&비빔밥 굽은다리역점,"서울특별시 강동구 상암로 195 (명일동, 에이플러스) 에이플러스 제1층 105호"
본도시락 공덕역점,"서울특별시 마포구 백범로 205 (신공덕동, 마포펜트라우스)"
본 죽&비빔밥 노원점,"서울특별시 노원구 동일로217가길 35 (상계동, 보람빌딩)"
본 죽&비빔밥 관악구청점,"서울특별시 관악구 관악로 144 (봉천동, 우남네오폴리스) 1층 106호"
본 죽&비빔밥 대치롯데점,"서울특별시 강남구 도곡로 405 (대치동, 삼환 아르누보2) A동 104호"
본도시락 일원점,서울특별시 강남구 일원로9길 30 (일원동) 104호
본도시락 구로역점,서울특별시 구로구 구로중앙로 223 (구로동)
본 죽&비빔밥 관악우체국점,"서울특별시 관악구 남부순환로 1637 (신림동, 건중빌딩)"
본도시락 목동점,서울특별시 양천구 신월로 370 (신정동) 1층
본 죽&비빔밥 노량진점,"서울특별시 동작구 만양로 81 (노량진동, 문화독서실)"
본죽 신대방역점,서울특별시 관악구 신사로 94 (신림동)
본 죽&비빔밥 명일동점,서울특별시 강동구 동남로73길 13 (명일동) 104호
본 죽&비빔밥 은평뉴타운점,"서울특별시 은평구 진관3로 11 (진관동, 은평뉴타운힐데스하임) 101동 106호"
본도시락 서소문점,"서울특별시 서대문구 서소문로 27 (충정로3가, 충정리시온) 109호"
본죽 동부이촌동점,"서울특별시 용산구 이촌로 182 (이촌동, 기업은행) 115호"
본죽 노원7단지점,"서울특별시 노원구 상계로1길 14-11 (상계동, 하이웰빙상가) 1층"
본 죽&비빔밥 덕성여대점,서울특별시 도봉구 삼양로 534 (쌍문동)
본도시락 종로3가점,서울특별시 중구 을지로9길 16 (수표동)
본죽 등촌역점,"서울특별시 양천구 등촌로 206 (목동, 한울팰리스)"
본 죽&비빔밥 은평성모병원점,"서울특별시 은평구 진관1로 21-39 (진관동, 메이플카운티)"
본죽 상암하늘초교점,"서울특별시 마포구 월드컵북로 502 (상암동, 월드컵파크 프라자) 월드컵파크프라자 1층 113호"
본 죽&비빔밥 창4동점,"서울특별시 도봉구 노해로69길 26 (창동, 창동시티월드) 창동씨티월드 1층"
본 죽&비빔밥 문래홈플러스점,"서울특별시 영등포구 당산로 34 (문래동3가, 로데오 왘 쇼핑몰) 103호"
본죽 고덕래미안점,서울특별시 강동구 동남로81길 94 (고덕동) 1층
본 죽&비빔밥 신방화역점,"서울특별시 강서구 마곡중앙5로 81 (마곡동, 에스비타운)"
본도시락 이대점,서울특별시 서대문구 이화여대5길 15 (대현동)
본 죽&비빔밥 우장산역점,"서울특별시 강서구 강서로 247 (화곡동, 선왕주내과의원) 1006-2호 1층 8호"
본도시락 금천구청점,"서울특별시 금천구 시흥대로 251 (시흥동, 도일산호시티빌)"
본 죽&비빔밥 용문동점,서울특별시 용산구 새창로 106 (용문동)
본 죽&비빔밥 신도림점,서울특별시 구로구 경인로59길 8 (신도림동) 태영프라자 112호
본죽 은평뉴타운2지구점,"서울특별시 은평구 진관2로 77 (진관동, 은평뉴타운우물골) 206동 B111호"
본죽 대림역점,서울특별시 영등포구 도림로 124 (대림동) 대림2동 1116-1 102호
본 죽&비빔밥 이수점,서울특별시 동작구 동작대로27길 23 (사당동)
본죽 신금호역점,서울특별시 성동구 금호산길 66-1 (금호동2가)
본 죽&비빔밥 용산역아이파크몰점,"서울특별시 용산구 한강대로23길 55 (한강로3가, 용산역) 용산역사 아이파크몰 4층"
본죽 강동성심병원점,"서울특별시 강동구 성안로 155 (천호동, 강동역두산위브센티움) 101호"
본죽 방배상문고점,서울특별시 서초구 명달로 49
본죽 남구로역점,서울특별시 구로구 디지털로31길 120 한신휴플러스아파트
본죽 명일역점,서울특별시 강동구 양재대로 1626 (명일동) 1층 103호
본죽 신풍역점,"서울특별시 영등포구 신풍로 77 (신길동, 래미안에스티움) B동 111호"
본죽 번동점,서울특별시 강북구 오현로32길 28 금영빌딩
본죽 송파점,서울특별시 송파구 가락로 176 (송파동) 경진빌딩 1층
본죽 청담프리마점,서울특별시 강남구 도산대로 521 (청담동)
본죽 공릉점,"서울특별시 노원구 섬밭로 134 (공릉동, 풍림아파트) B상가 114동"
본 죽&비빔밥 연신내점,서울특별시 은평구 연서로 252 (불광동)
본도시락 수서역점,서울특별시 강남구 광평로 280 로즈데일오피스텔 B02 16호
본도시락 봉은사역점,서울특별시 강남구 봉은사로108길 5
본죽 올림픽점,서울특별시 송파구 양재대로 1222 (방이동) 중심상가1층 210호
본 죽&비빔밥 둔촌보훈병원점,서울특별시 강동구 진황도로 189 (둔촌동) 1층 101호
본 죽&비빔밥 구산역점,"서울 은평구 서오릉로 134 (대조동, 메디칼) 1층"
본도시락 북한산힐스테이트7차점,서울특별시 은평구 통일로 796 북한산 힐스테이트 7차
본죽 돌곶이역점,서울특별시 성북구 돌곶이로 65 (석관동)
본죽 상계백병원점,서울특별시 노원구 동일로 1356 상계주공아파트 4단지상가 1층
본죽 월계점,"서울특별시 노원구 월계로 370, 희성프라자 126호"
본 죽&비빔밥 오류점,서울특별시 구로구 경인로 203-1 (오류동)
본 죽&비빔밥 가양점,"서울특별시 강서구 양천로 564 (등촌동, 등촌동두산위브센티움) 106호"
본죽 테크노마트점,서울특별시 광진구 광나루로56길 63 프라임프라자 1층 115호
본도시락 화곡점,서울특별시 강서구 가로공원로 186 (화곡동) 101호
본죽 인사동점,서울특별시 종로구 인사동길 51-2 (관훈동) 2층
본도시락 교대역점,서울특별시 서초구 서초대로54길 15
본죽 금천롯데캐슬점,서울특별시 금천구 벚꽃로 40 (독산동) 롯데캐슬골드파크1차 113동 113호
본죽 위례중앙점,"서울특별시 송파구 위례광장로 136 (장지동, 위례아이파크) 위례아이파크3동 C137호"
본죽 신정네거리역점,서울특별시 양천구 중앙로 254 (신정동) 신정화산빌딩 1층 10호
본도시락 양재점,서울특별시 서초구 강남대로43길 23 (서초동)
본 죽&비빔밥 성신여대점,서울특별시 성북구 보문로34길 51 (동선동1가) 1층
본도시락 남부터미널점,"서울특별시 서초구 서초중앙로 42 (서초동, 블루핀타워) B105호"
본죽 평창점,서울특별시 종로구 평창12길 3 (평창동) 220번지 나라빌딩 1층
본도시락 대치은마점,서울특별시 강남구 도곡로 521 (대치동)
본죽 신정점,서울특별시 양천구 은행정로 16 (신정동) 신정동 1019-2
본 죽&비빔밥 발산사거리점,"서울특별시 강서구 공항대로 269-15 (마곡동, 힐스테이트에코마곡) 105호"
본 죽&비빔밥 고려대점,서울특별시 성북구 고려대로 90 (안암동5가) 2층
본죽 강서구청점,서울특별시 강서구 공항대로 382 우장산롯데캐슬아파트 상가 111-1
본죽 내발산점,"서울특별시 강서구 수명로 68-35 (내발산동, 웨스트엔드중정) 1층"
본죽 동부시장점,서울특별시 중랑구 망우로32길 20 (상봉동) 107호
본도시락 디지털미디어시티역점,"서울특별시 은평구 수색로 191 두빌191, 1층"
본도시락 신설동역점,서울특별시 동대문구 왕산로 9-1 (신설동)
본죽 성수역점,서울특별시 성동구 아차산로7길 15 (성수동2가) 1층
본 죽&비빔밥 장지파인타운점,"서울특별시 송파구 충민로2길 24 (장지동, 리더스프라자) 101호"
본 죽&비빔밥 잠실점,서울특별시 송파구 올림픽로35길 112 장미아파트 비상가 1동 104호
본 죽&비빔밥 불광역아울렛점,서울특별시 은평구 불광로 16 (대조동) 1층
본죽 개롱역점,"서울특별시 송파구 오금로 414 (가락동, 명문빌딩) 104호"
본도시락 서대문점,"서울특별시 서대문구 통일로 149-1 ,1층(냉천동)"
본도시락 방배역점,서울특별시 서초구 방배중앙로 58
본 죽&비빔밥 영등포시장역점,서울특별시 영등포구 영등포로 219 (영등포동5가)
본 죽&비빔밥 목동파라곤점,"서울특별시 양천구 목동서로 155 (목동, 목동파라곤) B1-15호"
본죽 길동시장점,서울특별시 강동구 양재대로116길 20 (길동)
본죽 동양대학점,서울특별시 구로구 경인로47길 6 (고척동) 1층
본도시락 명일동점,서울특별시 강동구 양재대로 147길13 1층
본도시락 서래마을점,"서울특별시 서초구 동광로39길 68 (반포동, 삼덕빌딩) 1층"
본도시락 중앙대점,서울특별시 동작구 흑석로 81-4 (흑석동)
본 죽&비빔밥 망원역점,서울특별시 마포구 망원로 85 (망원동)
본 죽&비빔밥 건대점,서울특별시 광진구 능동로 95 (자양동) 2층
본죽 망우동점,서울특별시 중랑구 망우로 467
본죽 잠원점,서울특별시 서초구 나루터로 42 (잠원동) 본죽
본죽 중화역점,서울특별시 중랑구 봉화산로 36 (중화동)
본죽 신림푸르지오점,서울특별시 금천구 남부순환로 1432 (독산동) 푸르지오상가 109호
본도시락 구의점,서울특별시 광진구 구의강변로 106 삼성쉐르빌
본 죽&비빔밥 시흥사거리점,서울특별시 금천구 금하로 619 (시흥동) 1층
본 죽&비빔밥 장한평역점,서울특별시 동대문구 천호대로 427-4 (장안동)
본죽 대치은마점,서울특별시 강남구 도곡로 516 삼성상가
본도시락 신용산점,서울특별시 용산구 한강대로 54-1 (한강로3가)
본죽 강동구청점,서울특별시 강동구 성내로 4
본 죽&비빔밥 강남역점,서울특별시 서초구 서초대로78길 36 강남지웰타워 201호
본죽 먹골역점,"서울특별시 중랑구 공릉로4길 4 (묵동, 묵동해오름아파트)"
본죽 전농동점,서울특별시 동대문구 사가정로 136
본죽 청량리점,서울특별시 동대문구 홍릉로 12 (청량리동)
본죽 목동로데오점,서울특별시 양천구 목동로 218 (목동) 1층
본 죽&비빔밥 강남점,서울특별시 강남구 강남대로94길 21 (역삼동)
본죽 천왕점,서울특별시 구로구 천왕로 42 쿠앤하우스105호
본도시락 시립대점,서울특별시 동대문구 전농로 209
본 죽&비빔밥 강남성심병원점,"서울특별시 영등포구 시흥대로 681 (대림동, 삼성YJ그랜드빌딩) 신관 2층"
본죽 성산점,서울특별시 마포구 월드컵북로 230 현대상가
본 죽&비빔밥 역삼역점,서울특별시 강남구 봉은사로30길 78 2층
본죽 상암DMC점,서울특별시 마포구 월드컵북로 396 누리꿈스퀘어 지하1층 1047호
본죽 신천점,"서울특별시 송파구 올림픽로 119 (잠실동) 파인애플상가 B동 9,10호"
본죽 여의도KBS점,"서울특별시 영등포구 의사당대로 38 (여의도동, 여의도더샵아일랜드파크) 102동 122호"
본 죽&비빔밥 연희점,서울특별시 서대문구 연희맛로 18 (연희동) 1층
본 죽&비빔밥 당산점,"서울특별시 영등포구 양평로 16, 1층 (당산동6가,대정프라자)"
본죽 송파엄마손점,서울특별시 송파구 가락로 113 (석촌동) 금도빌딩 101호
본죽 인왕산점,서울특별시 서대문구 통일로 404 (홍제동)
본도시락 광화문점,서울특별시 종로구 사직로8길 42 광화문시대 108호
본 죽&비빔밥 선릉점,서울특별시 강남구 선릉로 424
본죽 약수역점,서울특별시 중구 다산로 129-1 (신당동)
본죽 월곡점,"서울특별시 성북구 오패산로 46 (하월곡동, 월곡두산위브아파트) 두산위브 센트로상가 1층 119호"
본죽 자곡점,"서울특별시 강남구 자곡로 201 (자곡동, 강남더샵라르고) 121호"
본죽 아현점,서울특별시 마포구 마포대로21길 46 (아현동)
본죽 종로3가점,서울특별시 종로구 돈화문로 31 1층
본죽 신림녹두거리점,서울특별시 관악구 호암로 598 (신림동) 동방빌딩 1층
본죽 신곡시장점,서울특별시 양천구 신월로 175 (신월동)
본도시락 영등포역점,서울특별시 영등포구 영등포로 226 (영등포동3가) 1층
본도시락 장안점,서울특별시 동대문구 답십리로 269 화성빌딩 103호
본죽 중곡동점,"서울특별시 광진구 면목로 133, 1층(중곡동)"
본죽 군자역점,서울특별시 광진구 능동로 285 (군자동)
본도시락 신논현역점,"서울특별시 강남구 강남대로110길 15, 지상1층 101호"
본죽 염창동점,서울특별시 강서구 양천로 731 동아3차아파트
본죽 보문역점,서울특별시 성북구 보문로 116 (보문동1가)
본죽 아차산점,서울특별시 광진구 자양로 283 (구의동)
본죽 양천구청점,"서울특별시 양천구 목동동로 55 (신정동, 밀레니엄프라자)"
본죽 사당점,서울특별시 동작구 동작대로 43 (사당동) 호진빌딩 1층
본죽 방이역점,서울특별시 송파구 마천로 28 (방이동)
본 죽&비빔밥 한성대입구점,"서울특별시 성북구 삼선교로 8 (삼선동1가, 기성빌딩) 1이 19번지"
본죽 장위뉴타운점,"서울특별시 성북구 월계로40길 7 (장위동, 센트럴타운) 1층"
본죽 강남세브란스사거리점,서울특별시 강남구 언주로 314 (역삼동) 강남프라자 108호
본죽 수유사거리점,서울특별시 강북구 도봉로 285 (수유동) 1층
본죽 신내점,서울특별시 중랑구 봉화산로 203 동성아파트상가 B동 101호
본 죽&비빔밥 문정법조단지점,"서울특별시 송파구 송파대로 167 (문정동, 문정역테라타워) B동 1층 130호"
본도시락 잠실새내점,"서울특별시 송파구 올림픽로8길 20 (잠실동, 잠실아이파크) 106호"
본도시락 중계점,서울특별시 노원구 덕릉로 589 (중계동) 101호
본도시락 강서구청사거리점,서울특별시 강서구 화곡로 347 그랜드아이파크 112호
본 죽&비빔밥 양남사거리점,"서울특별시 영등포구 선유로 76 (문래동3가, 동국메뜨리앙) 108호"
본죽 봉일시장점,서울특별시 관악구 은천로 38-1 (봉천동)
본죽 시흥점,서울특별시 금천구 금하로 760 (시흥동)
본죽 신창점[신창시장],서울특별시 도봉구 덕릉로 250 (창동)
본죽 서초우체국점,서울특별시 서초구 동산로 14 (양재동)
본죽 삼성차관아파트점,"서울특별시 강남구 봉은사로 474 (삼성동, 쌍용 플래티넘) 108호"
본죽 신정지구점,"서울특별시 양천구 신정이펜1로 50 (신정동, 신정이펜하우스3단지) 316동 상가114호"
본죽 상수역점,"서울특별시 마포구 독막로 90 (상수동, 균빌딩)"
본 죽&비빔밥 까치산역점,서울특별시 강서구 강서로 42 (화곡동) 1층
본 죽&비빔밥 광장동점,"서울특별시 광진구 천호대로 808 (광장동, 광장12차 현대홈타운) 1202동 지하 108호"
본죽 성균관대점,서울특별시 종로구 창경궁로 247 (명륜2가)
본도시락 목동파리공원점,"서울특별시 양천구 목동서로 57 현대파리지앙, 1층 124호"
본죽 중곡사거리점,서울특별시 광진구 긴고랑로 115 (중곡동) 1층
본죽 응암동점,서울특별시 은평구 은평로 119 (응암동) 1층 102호
본도시락 건대점,서울특별시 광진구 능동로 149 (화양동)
본도시락 상암DMC점,"서울특별시 마포구 월드컵북로 375 (상암동, DMC 이안상암1단지) 103호"
본죽 개화산역점,"서울특별시 강서구 양천로 28 (방화동, 벽산에어트리움) 별관 136호"
본 죽&비빔밥 마곡역점,"서울특별시 강서구 마곡중앙6로 16 (마곡동, 마곡지엠지타워) 111호"
본도시락 동작구청점,서울특별시 동작구 장승배기로 143-1 (노량진동)
본죽 서림점,서울특별시 관악구 신림로 210-1
본도시락 강동구청역점,"서울특별시 송파구 강동대로9길 14-1, 1층"
본죽 천호로데오점,서울특별시 강동구 천호대로 1033 (천호동) 강동빌딩 1층
본죽 둔촌동점,서울특별시 강동구 양재대로 1319 (성내동) 경일빌딩 1층 105호
본도시락 차병원사거리점,"서울특별시 강남구 봉은사로34길 9, 1층 101호"
본죽 영등포구청점,서울특별시 영등포구 당산로 132 당산동3가 228-23 광명빌딩1층
본죽 우이사거리점,서울특별시 강북구 삼양로 423(수유동)
본죽 신도림역포스빌점,서울특별시 구로구 새말로 102 신도림포스빌
본도시락 군자점,서울특별시 광진구 능동로 339 (중곡동)
본죽 세브란스병원점,서울특별시 서대문구 연세로 50-1 세브란스병원 3층
본 죽&비빔밥 명동2호점,"서울특별시 중구 명동9길 10, 2층 (명동1가)"
본죽 상계보람점,서울특별시 노원구 한글비석로 463 (상계동) 101호
본도시락 천호점,서울특별시 강동구 천호대로163길 21 (천호동) 1층
본죽 독산동CTLEX점,서울특별시 금천구 시흥대로 399 (독산동) 시티렉스502호
본설렁탕 송파오금점,서울특별시 송파구 마천로 134 (오금동) 1층
본죽 등촌3동점,서울특별시 강서구 공항대로41길 44 (등촌동) 아카데미프라자103호
본죽 신설동점,서울특별시 동대문구 천호대로 23 (신설동) 베르빌오피스텔상가 107호
본죽 정릉점,서울특별시 성북구 보국문로 38 (정릉동)
본 죽&비빔밥 화곡역점,"서울특별시 강서구 화곡로25길 2 (화곡동, KBH빌딩) 202호"
본죽 장안동삼거리점,서울특별시 동대문구 사가정로 229 (장안동)
본죽 압구정역점,서울특별시 강남구 압구정로 151 신현대아파트 상가 104호
본죽 우면점,"서울특별시 서초구 바우뫼로7길 8 (우면동) 우면종합상가 103,104호"
본죽 마들역점,서울특별시 노원구 동일로 1547 (상계동) 동남빌딩 101
본 죽&비빔밥 목동파리공원점,"서울특별시 양천구 목동서로 77 (목동, 현대월드타워) 현대월드타워 1층 141,142호"
본죽 화양사거리점,서울특별시 광진구 광나루로 341 (군자동) 1층
본도시락 동대문점,서울특별시 중구 을지로 250 아그네스스탠드클럽
본도시락 성신여대점,서울특별시 성북구 동소문로26길 1
본죽 구일역점,서울특별시 구로구 구일로10길 27 (구로동) SK허브수 오피스텔 A동
본도시락 역삼초교점,서울특별시 강남구 역삼로7길 7 (역삼동)
본도시락 송파삼전점,서울특별시 송파구 삼학사로19길 28 캔쇼빌딩
본도시락 대학로점,서울특별시 종로구 대학로12길 83 (동숭동) 아트원씨어티 1층
본도시락 구로디지털점,서울특별시 구로구 디지털로26길 111 (구로동) Jnk디지털타워 지하1층 G009호
본도시락 서울대입구역점,서울특별시 관악구 남부순환로 1855 (봉천동)
본도시락 사당점,서울특별시 관악구 남부순환로 2044 (남현동)
본도시락 한양대후문점,서울특별시 성동구 마조로 32
본도시락 영등포구청역점,서울특별시 영등포구 당산로31길 24 (당산동3가)
본도시락 서여의도점,서울특별시 영등포구 국회대로72길 21 (여의도동) 민족통일대통령리빙텔 지하 102호
본도시락 가산디지털3단지점,서울특별시 금천구 가산디지털1로 219 (가산동) 벽산디지털밸리 6차 104호
본도시락 양재중앙점,서울특별시 서초구 논현로17길 3 (양재동)
본도시락 회기점,서울특별시 동대문구 이문로 36 1층
본죽 홍제점,서울특별시 서대문구 통일로 427 (홍제동) 1층
본죽 답십리점,서울특별시 동대문구 천호대로 313 (답십리동) 102호
본죽 석계역점,서울특별시 노원구 석계로 11-1 (월계동)
본죽 가재울뉴타운점,서울특별시 서대문구 거북골로 120 (남가좌동) 가재울센트레빌아파트 상가2-3호
본죽 도봉동점,서울특별시 도봉구 도봉로 887 (도봉동)
본죽 황학동롯데캐슬점,"서울특별시 중구 청계천로 400 (황학동, 롯데캐슬베네치아) 지상1층 1218호"
본죽 신길사러가점,서울특별시 영등포구 신길로 166 (신길동)
본죽 수유점,서울특별시 강북구 한천로 1043 (수유동)
본죽 강일지구점,서울특별시 강동구 아리수로93길 33 (강일동) 베스트프라자 106호
본죽 거여동점,"서울특별시 송파구 오금로54길 38 (거여동, 거여팰리스) 1층 102호"
본죽 난곡미성점,서울특별시 관악구 난곡로 219 (신림동)
본죽 신수서강대역점,서울특별시 마포구 서강로 106 (신수동) 신촌 클리닉 103호
본죽 암사롯데팰리스점,서울특별시 강동구 고덕로 140 (암사동) 프라이어팰리스상가 104호
본죽 오금점,"서울특별시 송파구 중대로23길 20 (가락동, 우정에쉐르) 우정에쉐르106호"
본죽 영등포역점,서울특별시 영등포구 영신로19길 30-3 (영등포동) 영등포동 618-283
본죽 이대점,"서울특별시 서대문구 이화여대3길 16 (대현동, 성연빌딩) 1층"
본 죽&비빔밥 서초법원점,서울특별시 서초구 반포대로30길 53 (서초동) 1층
본 죽&비빔밥 서울의료원점,서울특별시 중랑구 신내로16길 17 (신내동) 한솔메디칼타워 101호
본 죽&비빔밥 독산역점,서울특별시 금천구 범안로 1130 가산디지털엠파이어 108호
본죽 왕십리점,서울특별시 성동구 왕십리로 330 (도선동)
본죽 한양대점,서울특별시 성동구 마조로 25 (행당동) 102호
본죽 뚝섬점,서울특별시 성동구 왕십리로 114 656-297
본죽 면목역점,서울특별시 중랑구 겸재로 178 (면목동)
본죽 망우역점,서울특별시 중랑구 망우로 346 한일써너스빌 101동 113호
본죽 사가정역점,서울특별시 중랑구 사가정로 407 (면목동)
본죽 망우우림시장점,서울특별시 중랑구 용마산로 498 (망우동)
본죽 동대문밀리오레점,"서울특별시 중구 장충단로13길 43 (을지로6가) 내 제1,2층 7호,8호"
본죽 서울백병원점,서울특별시 중구 마른내로 14 (저동2가)
본죽 명동점,서울특별시 중구 명동8가길 6 (충무로2가) 2층
본죽 대학로본점,서울특별시 종로구 연건동 70-1
본죽 불광점,서울특별시 은평구 불광로 40 (불광동)
본죽 신길성애병원옆점,서울특별시 영등포구 영등포로84길 12 (신길동)
본죽 고척근린공원점,서울특별시 구로구 고척로 141 (고척동) 외 1필지
본죽 구의시장점,서울특별시 광진구 광나루로 532 (구의동)
본죽 뚝섬유원지역점,"서울특별시 광진구 능동로 18 (자양동, 이튼타워리버3차) 이튼타워리버3차 124호"
본죽 자양동점,서울특별시 광진구 뚝섬로 642 (자양동)
본죽 서울대입구역점,서울특별시 관악구 관악로 237 (봉천동)
본죽 신림고시촌점,서울특별시 관악구 대학길 30 (신림동)
본죽 봉천점,서울특별시 관악구 남부순환로 1741 (봉천동)
본죽 방화역점,서울특별시 강서구 금낭화로 146 (방화동) 오피앙상가105
본죽 가양역점,서울특별시 강서구 양천로57길 9-19 (가양동) 동양트레벨스카이 105호
본죽 가양사거리점,서울특별시 강서구 강서로 506 (가양동) 가양1동 1458-3
본죽 우장초교점,서울특별시 강서구 화곡로 280 (화곡동) 강서구 화곡동 982-9
본죽 삼양사거리점,서울특별시 강북구 삼양로 167 (미아동)
본죽 암사역점,서울특별시 강동구 상암로 44 (천호동) 유정빌딩 1층
본죽 선릉역점,서울특별시 강남구 선릉로93길 26 (역삼동)
본죽 일원점,서울특별시 강남구 일원로 43 (일원동) 1층
본죽 개포동역점,서울특별시 강남구 개포로 510 (개포동) 현대빌딩 104호
본죽 청담점,서울특별시 강남구 학동로 441 (청담동) 1층
본죽 도심공항타워점,서울특별시 강남구 테헤란로 87길36 B1동 9호
본죽 수서점,서울특별시 강남구 밤고개로1길 10 (수서동) 수서현대벤쳐빌 1층 116-2호
본죽 남가좌점,서울특별시 서대문구 증가로 128 (남가좌동)
본죽 독립문점,서울특별시 서대문구 통일로 193 (영천동)
본죽 홍은서대문구청점,서울특별시 서대문구 연희로 267 (홍은동)
본죽 마포공덕점,서울특별시 마포구 마포대로8길 29 (공덕동) 1층
본죽 마포용강점,서울특별시 마포구 큰우물로 53 (염리동) 마포네이버타운 105호
본죽 홍대점,"서울특별시 마포구 홍익로 10 (서교동, 서교푸르지오) 서교푸르지오B 106호"
본죽 마포도화점,서울특별시 마포구 도화길 43 (도화동) 삼보나눔빌딩 202호
본죽 위생병원점,서울특별시 동대문구 망우로21가길 4 (휘경동)
본죽 대림점,서울특별시 동작구 시흥대로 658 (신대방동) 1층
본죽 신대방삼거리역점,서울특별시 동작구 상도로 77 (대방동)
본죽 신길점[대신시장],서울특별시 영등포구 도신로 227 (신길동) 1층
본죽 목동이대병원점,서울특별시 양천구 목동동로 431 (목동) 우방빌딩 104호
본죽 신월점,서울특별시 양천구 남부순환로 40길 13번지
본죽 목동아크로텔점,서울특별시 양천구 목동서로 277 (신정동) 대림아크로텔 106호
본죽 삼전동점,서울특별시 송파구 백제고분로 202 (삼전동) 두레빌딩 1층
본죽 송파석촌점,서울특별시 송파구 송파대로 451 (석촌동)
본죽 마천동점,"서울특별시 송파구 마천로 264 (거여동, 흥일빌딩)"
본죽 송파가락점,서울특별시 송파구 송파대로30길 16 송파가락두산위브센티움 1층
본죽 방이시장점,서울특별시 송파구 백제고분로48길 12 (방이동) 1층
본죽 문정로데오점,서울특별시 송파구 동남로6길 3 (문정동) 1층
본죽 미아사거리점,서울특별시 성북구 숭인로 70-1 (길음동) 485-9
본죽 종암점,서울특별시 성북구 종암로 78 (종암동) 78호
본죽 방배역점,서울특별시 서초구 방배로 104 (방배동)
본죽 내방역점,서울특별시 서초구 방배로 195 (방배동) 111호
본죽 반포KCC[제일약품]점,서울특별시 서초구 주흥길 3 (반포동) 시범빌딩 101호
본죽 방배까페골목점,서울특별시 서초구 방배중앙로 196 (방배동) 1동 308호
본죽 남부터미널점,서울특별시 서초구 효령로 303 (서초동) 부속10동상가 1층 101호
본죽 교대역지파이브점,서울특별시 서초구 서초중앙로24길 27 (서초동) G-5센트릴프라자 1층 103호
본죽 중계은행사거리점,서울특별시 노원구 한글비석로 245 (중계동) 두타빌A동 110
본죽 광운대역점,서울특별시 노원구 광운로 54 (월계동)
본죽 중계브라운스톤점,"서울특별시 노원구 동일로203가길 29 (중계동, 브라운스톤중계) 브라운스톤 115호"
본죽 상계역점,"서울특별시 노원구 덕릉로 699 (중계동, 우암에이스타워) 우암에이스타워 106호"
본죽 압구정로데오점,서울특별시 강남구 압구정로 330 (신사동) 대봉상가 1층 105호
본죽 풍납동점,서울특별시 송파구 토성로 25 (풍납동)
본죽 반포점,서울특별시 서초구 고무래로 18-4 (반포동) 송암한의원 1층
본죽 도봉월드점,서울특별시 도봉구 마들로 650 (방학동) 216호
본도시락 회현역점,서울특별시 중구 소공로 35 남산롯데캐슬아이리스 103호
본죽 역촌점,서울특별시 은평구 갈현로 85 본죽 역촌점
본도시락 방이역점,서울특별시 송파구 위례성대로18길 28-7 (방이동)
본 죽&비빔밥 해운대백병원점,"부산광역시 해운대구 좌동순환로 252 (좌동, 대원아파트) 2층 203호"
본 죽&비빔밥 부산명지CGV점,"부산광역시 강서구 명지국제8로10번길 46 (명지동, 플러스존1) 119호"
본 죽&비빔밥 구서쌍용예가점,부산광역시 금정구 구서로 26 (구서동) 본죽&비빔밥 구서쌍용예가점
본도시락 부산장림점,부산광역시 사하구 장림번영로 6 (장림동) 1층
본 죽&비빔밥 부산명륜동점,부산광역시 동래구 명륜로 196 (명륜동) 1층
본 죽&비빔밥 부산대연점,"부산광역시 남구 수영로 248 (대연동, 메트로타워) 102호"
본 죽&비빔밥 부산대점,부산광역시 금정구 금강로 265 (장전동) 본 죽&비빔밥 부산대점
본설렁탕 부산하단점,부산광역시 사하구 승학로 2 (당리동) 청기와맨션 1층 107~108호
본도시락 부산국제도시점,부산광역시 강서구 명지국제5로148번길 3 (명지동) 102호
본 죽&비빔밥 부산개금점,부산광역시 부산진구 엄광로 34 (개금동) 본죽&비빔밥 부산개금점
본설렁탕 부산범일점,"부산광역시 동구 조방로 14 (범일동, 동일타워) 204호"
본 죽&비빔밥 부산부곡시장점,부산광역시 금정구 부곡로 115 (부곡동) 본죽&비빔밥 부산부곡시장점
본 죽&비빔밥 센텀시티역점,"부산광역시 해운대구 센텀동로 26 (우동, 한화꿈에그린센텀) A동 101B-1호"
본 죽&비빔밥 부산연산점,"부산광역시 연제구 반송로 33 (연산동, 샤르망라이프) 102호"
본 죽&비빔밥 부산범일점,"부산광역시 동구 조방로 14 (범일동, 동일타워) 1층 제 판매2-104호"
본도시락 부산연산점,"부산광역시 연제구 중앙대로 1125 (연산동, C T 타워) 105호"
본 죽&비빔밥 부산수영점,부산 수영구 광안동 98-1 삼정코아더시티오피스텔 1층
본도시락 부산동래점,부산 동래구 충렬대로 184 (명륜동) 1층
본 죽&비빔밥 부산일광신도시점,"부산 기장군 일광면 해빛2로 24 (삼성리, 일광 신도시 비스타 동원1차) 301동 상가 117호"
본도시락 부산안락점,"부산광역시 동래구 충렬대로428번길 30 (안락동, 보해이브) 101호"
본도시락 부산범일점,"부산광역시 동구 자성로133번길 6 (범일동, 진흥 마제스타워 범일) 104동 2101호"
본 죽&비빔밥 해운대마린시티점,"부산광역시 해운대구 마린시티2로 47 (우동, 트럼프월드마린아파트) 제C동 105호"
본 죽&비빔밥 부산초량점,부산 동구 초량동 42-18 1층
본 죽&비빔밥 부산안락점,부산광역시 동래구 충렬대로 354 (안락동)
본 죽&비빔밥 부산남구청점,부산광역시 남구 못골로 42 (대연동) 1층
본 죽&비빔밥 부산화명동점,"부산광역시 북구 화명신도시로 132 (화명동, 위너스타워) 101호"
본죽 부산신호점,부산광역시 강서구 신호산단2로 21 (신호동) 허브원 109호
본죽 부산기장점,부산광역시 기장군 기장읍 읍내로 103 (이랜드쥬니어) 1층
본설렁탕 부산화명점,부산광역시 북구 금곡대로303번길 36 (화명동) 104호
본도시락 부산사상점,"부산광역시 사상구 운산로 42 (괘법동, 한신1차아파트)"
본도시락 부산양정점,부산광역시 부산진구 연수로 4 (양정동)
본죽 부산정관모전점,부산광역시 기장군 정관읍 정관로 385
본 죽&비빔밥 부산토곡점,"부산광역시 연제구 과정로 169 (연산동, 금광타워) 102호"
본 죽&비빔밥 부산법조타운점,부산광역시 연제구 법원남로10번길 7 (거제동)
본 죽&비빔밥 부산재송점,"부산광역시 해운대구 재반로 123 (재송동, 상록캐스빌) 102호"
본죽 부산신평가락타운점,부산광역시 사하구 하신번영로 209 (하단동)
본죽 부산진역점,부산광역시 동구 좌천남로 25 (좌천동)
본죽 부산남천동점,"부산광역시 수영구 수영로384번길 39,1층(남천동) 1층"
본 죽&비빔밥 동아대병원점,부산광역시 서구 대신공원로 14 (동대신동3가) 1층
본도시락 부산부전점,부산광역시 부산진구 새싹로 37 (부전동)
본 죽&비빔밥 부산엄궁점,부산광역시 사상구 엄궁북로 24 (엄궁동) 1층 (구-올드팝)
본도시락 부산중앙역점,부산광역시 중구 해관로 71-2 (중앙동4가) 1층
본죽 부산금련산점,부산광역시 수영구 남천동로108번길 31 (남천동)
본죽 해운대중동점,부산광역시 해운대구 중동1로 17 (중동) 1층
본죽 부산주례점,부산광역시 사상구 가야대로 288 창조센츄리아파트 상가1층 103호
본 죽&비빔밥 부산오륙도SK점,"부산광역시 남구 오륙도로 85 (용호동, 오륙도에스케이뷰아파트) 오륙도SK뷰 단지내상가 201동 105호"
본 죽&비빔밥 부산사하구청점,부산광역시 사하구 낙동대로 398 (당리동)
본 죽&비빔밥 부산동래점,부산광역시 동래구 충렬대로 211 (명륜동)
본도시락 부산부경대점,"부산광역시 수영구 황령대로473번길 15 (남천동, 남천엑슬루타워) 108호"
본죽 부산명지오션시티점,부산광역시 강서구 명지오션시티4로 75 (명지동) 서린프라자 102호
본도시락 부산대연점,"부산광역시 남구 수영로 237 (대연동, 대연메디타워) 101호"
본죽 부산대학병원점,부산광역시 서구 구덕로 204 (부민동1가) 1층
본죽 부산서면점,부산광역시 부산진구 동천로 74 (전포동) 2층
본죽 부산고신대병원점,부산광역시 서구 감천로 271 정림비치타운상가 106호
본 죽&비빔밥 부산부경대경성대점,부산광역시 남구 용소로 46-1 (대연동)
본죽 부산용호점,부산광역시 남구 분포로 113 LG매트로시티 1005동 110호
본도시락 부산해운대장산역점,"부산광역시 해운대구 세실로 30 (좌동, 경동지플러스) 1층 104호"
본 죽&비빔밥 부산명지국제중앙점,부산광역시 강서구 명지국제8로 240 (명지동) 국제메디칼빌딩103호
본도시락 부산정관점,부산광역시 기장군 정관읍 정관5로 12 (동원로얄듀크2차아파트) 상가228동 137호
본죽 부산감천동점,부산광역시 사하구 감천로 47 (감천동)
본도시락 부산엄궁점,"부산광역시 사상구 엄궁북로 40 (엄궁동, 엄궁롯데캐슬리버) 1상가 510동 101호"
본죽 부산시청점,"부산광역시 연제구 중앙대로 1032, 1층(연산동)"
본 죽&비빔밥 부산괴정점,부산광역시 사하구 낙동대로 231 (괴정동)
본죽 부산초읍점,부산광역시 부산진구 새싹로 183 세동한신아파트 정문
본도시락 부산수영점,"부산광역시 수영구 수영로 649, 1층(광안동)"
본도시락 부산하단점,"부산광역시 사하구 승학로2번길 1, 1층10호(당리동, 하단시장)"
본도시락 부산개금점,"부산광역시 부산진구 복지로 70 (개금동, 개금현대I아파트) 221동 101호"
본도시락 부산부민점,부산광역시 서구 구덕로214번길 9
본죽 부산남포점,부산광역시 중구 비프광장로 39 (남포동5가)
본죽 부산구남점,부산광역시 북구 백양대로 1028 (구포동) 거림맥스랜드빌딩 104호
본도시락 부산법조타운점,"부산광역시 연제구 법원로32번길 10 (거제동, 협성프라자빌딩) 1층 104호"
본도시락 부산화명점,"부산광역시 북구 화명대로 68 (화명동, 이편한세상화명힐스) 208호"
본죽 해운대센텀점,"부산광역시 해운대구 센텀동로 123, 상가동 5호(재송동,더샵센텀스타)"
본도시락 부산영도점,부산광역시 영도구 남항로9번길 34 (남항동1가)
본도시락 부산덕천점,부산광역시 북구 백양대로 1191 (구포동) 2층
본죽 부산만덕점,부산광역시 북구 덕천로 243 (만덕동)
본 죽&비빔밥 부산하단점,부산광역시 사하구 낙동대로 460 (당리동)
본죽 부산명장역점,부산광역시 동래구 명장로20번길 32 (명장동) 1층
본죽 부산서동점,부산광역시 금정구 서동로 163 (서동) 1층
본죽 부산학장점,부산광역시 사상구 학감대로123번길 89 삼성2차아파트상가동 101호
본죽 부산카이저수정역점,"부산광역시 북구 금곡대로 166 (화명동, 롯데캐슬카이저) 본상가동 B104호"
본도시락 부산역점,부산광역시 동구 중앙대로 196번길 6-5 부산빌딩1층
본죽 부산광안역점,부산광역시 수영구 광안동 506-31
본죽 해운대좌2동점,"부산광역시 해운대구 좌동순환로 308 (좌동, 송강빌딩)"
본도시락 부산센텀시티점,부산광역시 해운대구 APEC로 17 (우동) 센텀리더스마크 1층 109호
본도시락 부산대점,부산광역시 금정구 금정로 86 (장전동)
본죽 부산배산역점,부산광역시 연제구 연수로 233 1층
본죽 부산당감점,부산광역시 부산진구 동평로 107 (부암동)
본죽 부산가야점,"부산광역시 부산진구 가야대로 613 (가야동, 유림아파트) 유림상가101호"
본죽 부산반여점,부산광역시 해운대구 선수촌로 101 (반여동) 성훈빌딩 1층
본죽 부산문현점,부산광역시 남구 전포대로20번길 26 한화꿈에그린 제피101동 제지하3층
본죽 부산모라점,부산광역시 사상구 백양대로 883 (모라동) 동원@상가 10동 108호
본죽 부산동삼점,부산광역시 영도구 웃서발로 79 (동삼동)
본 죽&비빔밥 정관신도시점,"부산광역시 기장군 정관읍 정관로 560 (정관읍, 마치빌딩) 마치빌딩 1층 103호"
본 죽&비빔밥 해운대수비오거리점,부산광역시 해운대구 해운대로 403 (우동) 1층 104호
본죽 부산역점,부산광역시 동구 중앙대로 207-1 (초량동) 2층
본죽 부산부곡점,부산광역시 금정구 중앙대로1719번길 9 (부곡동)
본죽 부산구서점,부산광역시 금정구 중앙대로1945번길 12 (구서동) 번지
본죽 부산남산점,부산광역시 금정구 금단로 202 (남산동)
본죽 부산영도점,부산광역시 영도구 태종로 127-1
본죽 부산다대점,"부산광역시 사하구 다대로 483 (다대동, 현대빌딩) 101호"
본죽 부산장림동점,부산광역시 사하구 다대로 273 (장림동)
본죽 부산사상점,부산광역시 사상구 사상로 218 (괘법동) 호림빌딩 1층
본죽 부산덕천점,부산광역시 북구 덕천2길 42-1 (덕천동)
본죽 부산숙등역(부민병원)점,부산광역시 북구 만덕대로 68 (덕천동)
본죽 부산양정점,부산광역시 부산진구 동평로 367 (양정동)
본죽 부산부전점,부산광역시 부산진구 서면문화로 9 (부전동) 2층
본죽 부산범내골역점,부산광역시 부산진구 범일로 185 (범천동)
본죽 부산서면시장점,부산광역시 부산진구 중앙대로 701-4 (부전동) 1층
본죽 부산광혜병원점,부산광역시 동래구 충렬대로108번길 6 (온천동) 1층
본죽 부산사직점,부산광역시 동래구 석사로 4 (사직동)
본죽 부산온천장점,부산광역시 동래구 중앙대로 1523 (온천동) SK허브스카이 1층 B1-08호
본 죽&비빔밥 대구침산네거리점,대구광역시 북구 침산로 154 (침산동)
본 죽&비빔밥 대구구병원점,대구광역시 달서구 달구벌대로 1600 (감삼동)
본 죽&비빔밥 대구목련시장점,대구광역시 수성구 용학로 198 (지산동)
본 죽&비빔밥 대구수성교점,"대구광역시 수성구 달구벌대로 2315 (수성동4가, 수성 롯데캐슬) 114호"
본도시락 대구칠곡3지구점,대구광역시 북구 동암로 128-12 (구암동) 1층 101호
본도시락 대구율하점,대구광역시 동구 율하동 1159 1층
본설렁탕 대구칠곡점,대구광역시 북구 동천로23길 30-23 (동천동) 108호
본설렁탕 수성네거리점,대구광역시 수성구 들안로64길 15 (수성동3가) 106호
본 죽&비빔밥 대구범물동아백화점점,대구광역시 수성구 용학로 293 (지산동) 1층
본 죽&비빔밥 대구신매시장점,"대구광역시 수성구 신매로 91 (신매동, 시지삼주한라협화타운) 112동 106호"
본도시락 대구현풍점,"대구광역시 달성군 유가읍 테크노중앙대로 254 (봉리, 하이젠스타) 107호"
본 죽&비빔밥 대구서부정류장점,대구광역시 달서구 월배로 457 (송현동) 1층
본도시락 대구만촌점,"대구광역시 수성구 달구벌대로 2690 (만촌동, 만촌화성파크드림2차) 상가105호"
본도시락 대구다사점,대구 달성군 다사읍 매곡리 1521-12 1층
본도시락 대구서부정류장점,대구광역시 달서구 학산로 245 (송현동) 1층
본 죽&비빔밥 대구연경점,대구광역시 북구 동화천로 237 (연경동) 1층
본 죽&비빔밥 대구서구청점,대구광역시 서구 국채보상로 248 (평리동) 1층
본 죽&비빔밥 대구칠호광장점,대구광역시 서구 달구벌대로 1727-1 (내당동) 2층
본 죽&비빔밥 대구율하점,"대구 동구 안심로16길 47 (율하동, 율하동 타임스퀘어) 114호"
본도시락 대구시지점,대구광역시 수성구 신매로 32 (신매동) 1층
본도시락 대구범물지산점,대구광역시 수성구 지범로39길 11-10 (범물동) 1층
본도시락 동대구역점,대구광역시 동구 효신로 69 (신천동)
본 죽&비빔밥 대구동성로중앙점,대구광역시 중구 중앙대로 388 (동성로3가)
본 죽&비빔밥 대구사월점,"대구광역시 수성구 달구벌대로 3304 (신매동, 사월화성파크드림) 상가110동 2호"
본 죽&비빔밥 대구매천점,대구광역시 북구 학정로 50 (태전동)
본 죽&비빔밥 대구알파시티점,"대구광역시 수성구 알파시티2로 27 (시지동, 수성메트로)"
본 죽&비빔밥 대구구지점,대구광역시 달성군 구지면 과학마을로 48
본죽 대구세천점,대구광역시 달성군 다사읍 세천로 160 (북죽곡엠코타운더솔레뉴) 301동 101호
본도시락 대구이시아폴리스점,대구광역시 동구 팔공로51길 3 (봉무동) 114호
본 죽&비빔밥 대구대명영대병원점,대구광역시 남구 중앙대로 141 (대명동)
본도시락 대구용산점,대구광역시 달서구 한들로 15. 1층
본죽 대구황금동점,대구광역시 수성구 청수로 202 (지산동)
본죽 대구유천점,대구광역시 달서구 조암남로 170 (유천동) 신성메디타워 1층 108호
본죽 대구월배점,대구광역시 달서구 상원로 142 상인자이아파트 상가동105호
본죽 대구대봉교점,대구광역시 남구 명덕로 322
본도시락 대구성서점,대구광역시 달서구 계대동문로 123 성서우방타운 118동 113호
본 죽&비빔밥 대구가톨릭병원점,대구광역시 남구 두류공원로 91 1층
본 죽&비빔밥 대구효성타운점,대구광역시 남구 효성로 58 (봉덕동) 1층
본죽 대구칠곡동아백화점점,대구광역시 북구 구암로 103
본죽 대구화원점,대구광역시 달성군 화원읍 사문진로 447
본죽 대구현풍점,대구광역시 달성군 현풍면 현풍중앙로 46-1
본 죽&비빔밥 대구테크노폴리스점,대구광역시 달성군 현풍읍 테크노중앙대로 243 (타임스퀘어) 1층 107호(타임스퀘어)
본죽 대구송라시장점,대구광역시 동구 동부로 19
본도시락 대구두류점,대구광역시 달서구 달구벌대로 1726-12 1층
본 죽&비빔밥 칠곡경북대병원점,대구광역시 북구 호국로 807-35 1층
본도시락 대구범어점,대구광역시 수성구 상록로2길 72 (범어동)
본 죽&비빔밥 대구경북대병원점,대구광역시 중구 동덕로 129 (삼덕동2가)
본 죽&비빔밥 대구중구남산점,"대구광역시 중구 달구벌대로 1950 (남산동, 남산그린타운) 1층"
본 죽&비빔밥 대구상인롯데점,"대구광역시 달서구 상인서로 103-6 (상인동, 리젠트프라자)"
본도시락 대구신서혁신점,대구광역시 동구 첨복로 27 (신서동) 104호
본죽 대구반야월점,대구광역시 동구 금강로 16 (동호동) 1층
본도시락 대구동성로점,대구광역시 중구 중앙대로 417.1층
본 죽&비빔밥 대구MBC네거리점,대구광역시 수성구 동대구로 389 (범어동)
본죽 대구남문시장점,"대구광역시 중구 명륜로 72(남산동,1층)"
본 죽&비빔밥 대구금호점,대구광역시 북구 내곡로 36 (사수동)
본 죽&비빔밥 대구대곡역점,대구광역시 달성군 화원읍 비슬로 2727 1층
본 죽&비빔밥 대구동산병원점,대구광역시 중구 국채보상로 468 (대신동) 1층
본 죽&비빔밥 대구달서구청점,"대구광역시 달서구 학산로 7길 5 월성동, 월성동서타운)"
본도시락 대구침산점,대구광역시 북구 침산로 153 명성푸르지오아파트 104동 1층 D2-3호
본 죽&비빔밥 대구만촌이마트점,대구광역시 수성구 동원로 135 네트로팔레스상가 821동 107호
본 죽&비빔밥 대구북구청점,대구광역시 북구 원대로 91 (노원동1가)
본 죽&비빔밥 대구파티마병원점,대구광역시 동구 아양로 77 (신암동) 1층
본도시락 대구영남대병원점,대구광역시 남구 대명로 282-1
본 죽&비빔밥 대구성서점,대구광역시 달서구 이곡동로 23 (이곡동)
본죽 대구팔달시장점,대구광역시 서구 팔달로 178 (원대동3가)
본 죽&비빔밥 대구칠곡점,대구광역시 북구 학정로 429 로데오프라자 101호
본도시락 대구엑스코점,대구광역시 북구 유통단지로8길 76 (산격동) 2층
본죽 대명안지랑점,대구광역시 남구 대명로 163 (대명동)
본죽 대구만촌역점,대구광역시 수성구 달구벌대로 2602 (만촌동)
본죽 대구감삼드림시티점,대구광역시 달서구 장기로 240 (장기동)
본도시락 대구수성점,"대구광역시 수성구 달구벌대로 2315 (수성동4가, 수성 롯데캐슬) 상가 108호"
본죽 대구칠곡관음점,대구광역시 북구 칠곡중앙대로 483 103동 1403호
본죽 대구두산[트럼프월드]점,대구광역시 수성구 상화로 142 (두산동)
본 죽&비빔밥 대구용산장기점,대구광역시 달서구 용산로 141 그랜드M 타워
본 죽&비빔밥 대구시지점,대구광역시 수성구 달구벌대로 3188 아레나 스포츠센타 1층
본도시락 대구월배점,대구광역시 달서구 상원로 117 (상인동)
본 죽&비빔밥 대구신서혁신지구점,대구광역시 동구 첨단로8길 1 미소빌딩 104호
본죽 대구수성뉴타운쌍용예가점,"대구광역시 수성구 명덕로 477 (범어동, 범어쌍용예가아파트) 쌍용예가 상가 118호"
본 죽&비빔밥 대구성당뉴타운점,대구광역시 달서구 당산로 39 성당 래미안 e-편한세상
본죽 대구이시아폴리스점,대구광역시 동구 팔공로51길 11 (봉무동) 107호
본도시락 대구경북대학교점,대구광역시 북구 대학로17길 5 (산격동)
본죽 대구방촌시장점,대구광역시 동구 동촌로 214-1 (방촌동)
본도시락 대구경대병원역점,"대구광역시 중구 동덕로 109 (삼덕동2가, 아진맨션아파트) 1층"
본죽 대구침산점,대구광역시 북구 호암로 30 (칠성동2가)
본죽 대구진천역점,"대구광역시 달서구 월배로 71 (진천동, 진천트윈팰리스) 진천트윈팰리스 1층 106호"
본죽 대구서재점,대구광역시 달성군 다사읍 서재로 121
본 죽&비빔밥 대구동성로점,대구광역시 중구 동성로 57 (동성로2가)
본 죽&비빔밥 내당삼익뉴타운점,대구광역시 서구 평리로 254 (내당동) 삼능빌딩 B동
본죽 대구중동교점,대구광역시 수성구 청수로 11 (중동)
본죽 대구수성구청점,대구광역시 수성구 달구벌대로 2474 (범어동) 1층
본죽 대구복현동점,대구광역시 북구 동북로 280 (복현동)
본죽 대구산격점,"대구광역시 북구 동북로 163 (산격동, 산격대우아파트) 101동 104호"
본죽 대구동서변점,"대구 북구 호국로 219 (서변동, 대성골든프라자1차) 132호"
본죽 대구방촌점,"대구광역시 동구 화랑로80길 8 (방촌동, 우방강촌마을아파트) 우방강촌마을 147-103"
본죽 대구다사죽곡점,대구광역시 달성군 다사읍 달구벌대로 889 1층 102호
본죽 대구성서강창역점[동산병원],"대구광역시 달서구 호산로 125 (파호동, 삼성명가타운상가) 1층 122호"
본죽 대구대곡점,대구광역시 달서구 한실로 95 (도원동) 1층
본죽 동대구시장점,대구광역시 동구 신암로 72 (신암동)
본죽 대구옥포점,대구광역시 달성군 옥포면 돌미상업로 9. 1층 109호
본 죽&비빔밥 인천마전동점,인천광역시 서구 마전동 1140-5 102호
본 죽&비빔밥 인천인하대역점,"인천광역시 미추홀구 독배로 311 (용현동, 비젼프라자) 1층 제102호"
본 죽&비빔밥 인천청라호수공원점,인천광역시 서구 청라한내로 96 (청라동) 하엘에스페이스 제 1층 102호
본도시락 인천계양구청점,"인천광역시 계양구 도두리로 33 (계산동, 상산빌딩) 104호"
본 죽&비빔밥 인천갈산점,"인천광역시 부평구 주부토로 182 (갈산동, 승전빌딩) 104호"
본 죽&비빔밥 인천도화점,"인천광역시 미추홀구 숙골로87번길 2 (도화동, 센타프라자) 센터프라자 101호"
본 죽&비빔밥 인천소래역점,인천광역시 남동구 앵고개로 928 (논현동) 115호
본 죽&비빔밥 인천작전동점,인천광역시 계양구 효서로 233 (작전동)
본 죽&비빔밥 송도랜드마크시티더샵점,"인천광역시 연수구 랜드마크로 68 (송도동, 랜드마크시티센트럴더샵) 1층 79호"
본도시락 영종하늘도시점,인천광역시 중구 자연대로 37 (중산동) 스카이가든 115호
본 죽&비빔밥 인천보훈병원점,인천광역시 미추홀구 인주대로 148 (용현동) 115호
본 죽&비빔밥 인천부평부개동점,"인천광역시 부평구 길주남로 158 (부개동, 부개프라자) 부개프라자 109호"
본도시락 송도글로벌캠퍼스점,"인천광역시 연수구 송도문화로28번길 28 (송도동, 송도글로벌캠퍼스푸르지오) 201동 115호"
본 죽&비빔밥 인천한화에코점,인천광역시 남동구 에코중앙로156번길 5-21 (논현동) 101호
본 죽&비빔밥 인천계양점,"인천광역시 계양구 계산새로 71 (계산동, 하이베라스) D동 107호"
본 죽&비빔밥 인천제물포역점,인천광역시 미추홀구 수봉로27번길 4 (숭의동) 101호
본 죽&비빔밥 인천경인교대역점,인천광역시 계양구 계양대로 157 (계산동) 1층
본도시락 인천논현점,"인천광역시 남동구 앵고개로847번길 80-9 (논현동, 뉴가산시티) 1층 121호"
본 죽&비빔밥 인천동암역점,인천광역시 부평구 열우물로 22 (십정동) 부림빌딩 1층
본 죽&비빔밥 송도글로벌캠퍼스점,"인천 연수구 송도문화로28번길 28 (송도동, 송도글로벌캠퍼스푸르지오) 203동 3-127호"
본 죽&비빔밥 송도퍼스트파크점,"인천광역시 연수구 컨벤시아대로230번길 42 (송도동, 송도아라플라자) 109호"
본설렁탕 인천루원시티점,인천 서구 새오개로111번안길 19-1 (신현동) 108호
본 죽&비빔밥 인천선학점,인천 연수구 선학동 411-1 1층
본죽 인천학익점,인천광역시 미추홀구 매소홀로 468 (학익동) 목향빌딩내 1층
본 죽&비빔밥 인천경서점,"인천광역시 서구 경서로69번길 12 (경서동, 상현빌딩)"
본죽 인천임학역점,인천광역시 계양구 장제로 899 (임학동)
본 죽&비빔밥 인천백운역점,인천광역시 부평구 경원대로 1254 (산곡동)
본도시락 인천검단점,"인천광역시 서구 원당대로 638 (당하동, 경원하이뷰) 101호"
본도시락 인천삼산점,인천광역시 부평구 장제로 226 (부개동) 1층 일부
본 죽&비빔밥 구월아시아드점,"인천광역시 남동구 인하로 616 (구월동, 커뮤니티프라자) 1층 111호"
본죽 인천관교점,인천광역시 남동구 문화서로4번길 40 (구월동) 1층
본죽 부평영아사거리점,인천광역시 부평구 마장로 396-1 (청천동) 1층
본 죽&비빔밥 인천논현점,"인천광역시 남동구 논고개로 117 (논현동, 메트로타워) 101호"
본도시락 영종도운서점,"인천광역시 중구 영종대로 120 (운서동, 두손에어파스텔) 1층 102호"
본 죽&비빔밥 인천용현2동점,인천광역시 미추홀구 낙섬중로 98 (용현동)
본 죽&비빔밥 인천주안점,"인천광역시 미추홀구 미추홀대로 716 (주안동, 메인프라자) 104호"
본도시락 인천청라점,"인천광역시 서구 청라라임로 57 (청라동, 영화블렌하임)"
본 죽&비빔밥 인천연희연세병원점,인천광역시 서구 서곶로369번길 22 (연희동) 104호
본 죽&비빔밥 영종운서넙디점,인천광역시 중구 영종대로327번길 4 (운서동) 1층
본 죽&비빔밥 인천신기점,인천광역시 미추홀구 인하로 255 (주안동)
본도시락 인천서창점,인천광역시 남동구 서창방산로158번길 2 (서창동) 허브빌딩
본죽 인천구월점,"인천광역시 남동구 성말로13번길 15 (구월동, 메인프라자) 메인프라자 127호"
본도시락 인천구월점,인천광역시 남동구 선수촌공원로 25 103호
본죽 인천서운점,인천광역시 계양구 효서로 366 (작전동) 1층
본죽 인천부평남부역점,인천광역시 부평구 경인로 951 (부평동) 1층
본죽 송도캠퍼스타운점,"인천광역시 연수구 송도과학로27번길 55, B-103호"
본죽 인천검단점,인천광역시 서구 완정로 144 프라임타워 108호
본죽 인천석바위점,인천광역시 남구 경원대로864번길 10 (주안동) 아카데미프라자 1층 103호
본죽 인천삼산점,인천광역시 부평구 체육관로 34 (삼산동) 이리옴프라자 102호
본 죽&비빔밥 송도신도시점,인천광역시 연수구 컨벤시아대로 69 송도밀레니엄 1층 136호
본죽 인천효성점,인천광역시 계양구 안남로 571 (효성동) 1층
본죽 부평부개역점,인천광역시 부평구 수변로 8 파워프라자 112호 (부개동)
본 죽&비빔밥 인천청라신도시점,인천광역시 서구 푸른로8번안길 6 (경서동)
본도시락 부평역점,"인천광역시 부평구 경원대로 1415 파라움, 1층 102호"
본 죽&비빔밥 인천부평점,인천광역시 부평구 부평문화로 51 1층
본죽 인천호구포역점,"인천광역시 남동구 호구포로 212 (논현동, 대양프라자빌딩) 103호"
본 죽&비빔밥 인천연수점,인천광역시 연수구 먼우금로 194 (연수동) 두손메카 106호
본도시락 인천길병원점,"인천광역시 남동구 구월남로 163 (구월동, 토성프라자) 101호"
본죽 인천간석남부역점,인천광역시 남동구 주안로 231 (간석동) 1층
본죽 인천청학점,"인천광역시 연수구 용담로 3 (청학동, 시대아파트) 소망마트상가 101-5호"
본도시락 인하대점,인천광역시 남구 능해길 8 (용현동) 1층
본죽 인천원당점,"인천광역시 서구 원당대로 876 (당하동, 희림타워) 103호"
본죽 인천롯데캐슬힐스테이트점,"인천광역시 남동구 용천로 82 (구월동, 다옴프라자) 109호"
본죽 인천가정점,인천광역시 서구 염곡로498번안길 20(가정동) 제이에스프라자 103호
본죽 인천옥련점,인천광역시 연수구 독배로 41 (옥련동) 인영빌딩 1층
본죽 동인천점,"인천광역시 중구 우현로83번길 1 (인현동, 본죽) 1층"
본죽 인천송림동점,인천광역시 동구 송림로 95-1 (송림동) 1층
본죽 공항신도시점,인천광역시 중구 영종대로 84 (운서동) 신공항파크빌1층
본죽 인천작전역점,"인천광역시 계양구 봉오대로 671 (작전동, 우남푸르미아) 우남푸르미아 102호"
본죽 인천만수점,"인천광역시 남동구 장승남로 38 (만수동, 반달프라자) 1층 104호"
본 죽&비빔밥 인천송도포스코점,인천광역시 연수구 해돋이로 116 (송도동) 센트럴프라자 103호
본죽 인천서구청점,인천광역시 서구 탁옥로 57 1층
본죽 인천모래내시장점,인천광역시 남동구 호구포로 786 (구월동) 1층
본죽 인천학산사거리점,인천광역시 남구 매소홀로 355 (학익동) 109
본죽 인천길병원점,인천광역시 남동구 남동대로 784 2층
본도시락 인천연수점,인천광역시 연수구 먼우금로 194 (연수동) 두손메카오피스텔 101호
본도시락 인천주안점,인천광역시 남구 주안1동 141-5
본도시락 인천송도신도시점,"인천광역시 연수구 해돋이로 107 (송도동, 송도 더샵 퍼스트월드) 상가G동 67호, 53호"
본도시락 인천서구청점,"인천광역시 서구 탁옥로 90 (심곡동, 덕산빌딩) 105호"
본죽 인천송도역점,인천광역시 연수구 한나루로 190 (옥련동) 송도프라자 1층
본죽 인천신현점,인천광역시 서구 가정로 364 (가정동) 1층
본죽 인천불로동점,"인천광역시 서구 검단로 842 (불로동, 월드불로마트) 월드아파트 1층 151호"
본죽 인천당하점,인천광역시 서구 청마로 167번길 16 당하프라자 104호
본죽 인천간석사거리점,인천광역시 남동구 호구포로 914 1층
본 죽&비빔밥 인천청라엑슬루타워점,인천광역시 서구 중봉대로586번길 22 엑슬루타워 B동 107호
본 죽&비빔밥 인천신포동점,인천광역시 중구 신포로 18-1 (신생동)
본 죽&비빔밥 인천송도웰카운티점,"인천광역시 연수구 인천타워대로54번길 9 (송도동) 29,21번지"
본 죽&비빔밥 인천검암점,인천광역시 서구 승학로 577 (검암동) 장은프라자 110호
본죽 강화점,인천광역시 강화군 강화읍 강화대로 401
본죽 인천동양점,인천광역시 계양구 양지로 8-1 (동양동)
본죽 인천계산4동점,인천광역시 계양구 용종로 2 (계산동) 계산프라자 103호
본죽 인천계산역점,인천광역시 계양구 경명대로 1096 (계산동) 계산메디칼센타 106호
본죽 인천신연수역점,"인천광역시 연수구 함박뫼로 250 (연수동, 풍림1차아파트) 107호"
본죽 인천동춘점,인천광역시 연수구 앵고개로 260 (동춘동) 맘모스빌딩 104호
본죽 인천청라롯데캐슬점,인천광역시 서구 청라커낼로 252 청라롯데캐슬상가 D동 103호
본죽 인천석남점,인천광역시 서구 가정로 187 (석남동) 1층
본죽 인천가좌점,인천광역시 서구 원적로 77 (가좌동) 1층
본죽 인천청천점,인천광역시 부평구 마장로 456 (청천동) 1층
본죽 인천삼산미래타운점,인천광역시 부평구 부평북로 446 (삼산동) 103호 (부평북로 446
본죽 인천부평산곡점,인천광역시 부평구 안남로 269 대우푸르지오상가 107호
본죽 영종하늘도시점,인천광역시 중구 하늘중앙로195번길 29 (중산동) 진로프라자 1층 109호
본죽 인천송현점,인천광역시 동구 화수로 7 (송현동) 센타빌딩 101호
본죽 인천서창2지구점,인천광역시 남동구 서창남순환로 222 서창센타프라자 107호
본죽 인천서창점,인천광역시 남동구 장아산로 134-4 (서창동) 104호
본죽 인천만수주공점,인천광역시 남동구 만수로 55 (만수동) 1층
본죽 인천길병원암센터점,인천광역시 남동구 구월남로 163 (구월동) 토성프라자 105-1호
본죽 인천간석동점,인천광역시 남동구 남동대로 886 (간석동) 102호
본죽 주안북부역점,인천광역시 남구 염창로 55 (주안동) 1층
본죽 인천용현점,인천광역시 남구 매소홀로 63 (용현동) 대신프라자 1층102호
본죽 송도센트럴파크점,인천광역시 연수구 센트럴로 232 더샵센트럴파크1상가 D동 109호
본죽 인천만수역점,인천광역시 남동구 구월로 352 (만수동) 1층
본 죽&비빔밥 광주금남로점,광주광역시 동구 독립로 258 (금남로5가) 1층
본 죽&비빔밥 광주돌고개역점,"광주광역시 남구 구성로8번길 6 (월산동, 반도유보라 더 퍼스트) B동 204호"
본도시락 광주일곡오치점,"광주광역시 북구 설죽로 416 (삼각동, 신일곡골드클래스) 상가동 1층"
본 죽&비빔밥 광주월곡점,광주광역시 광산구 사암로340번안길 20 (월곡동) 1층
본도시락 광주운암점,광주광역시 북구 북문대로 158 (운암동) 1층
본도시락 광주첨단신용점,광주광역시 북구 첨단연신로91번길 30 (신용동) 1층
본도시락 광주수완점,광주광역시 광산구 수완로 6 (신가동) 센트럴병원 1층
본 죽&비빔밥 광주금호점,광주광역시 서구 금화로 91 (금호동) 1층
본도시락 광주하남월곡점,광주광역시 광산구 사암로 339 (월곡동) 1층
본도시락 광주대점,광주광역시 남구 효덕로 276 (진월동) 1층
본 죽&비빔밥 광주두암말바우점,광주광역시 북구 동문대로 128 (두암동) 101호
본도시락 광주첨단점,"광주광역시 광산구 앰코로 35 (쌍암동, 폭스존) 1층"
본 죽&비빔밥 광주백운대성초교점,광주 남구 중앙로 80 (서동) 101호
본 죽&비빔밥 광주백운고가점,"광주 남구 회재로 1257 (주월동, 예림장식) 1층"
본 죽&비빔밥 광주연제점,광주 북구 양일로 58 (연제동) 신아빌딩 104호
본도시락 광주금호점,"광주 서구 화개중앙로 55 (금호동, 화개빌딩) 1층"
본 죽&비빔밥 광주봉선점,"광주 남구 봉선로 164 (봉선동, 삼환빌딩) 1층"
본 죽&비빔밥 광주문흥점,광주광역시 북구 서하로 375 (문흥동) 1층
본 죽&비빔밥 광주상무점,"광주광역시 서구 치평로 80 (치평동, 골든타운) 111호"
본죽 광주운암점,광주광역시 북구 북문대로 154 (운암동)
본 죽&비빔밥 광주효천1지구점,광주광역시 남구 효천2로가길 9 (임암동)
본 죽&비빔밥 광주양산점,광주광역시 북구 양산로 2 (양산동) 1층
본 죽&비빔밥 광주운남점,광주광역시 광산구 하남대로 278-1 (운남동)
본 죽&비빔밥 광주충장로점,광주광역시 동구 충장로 77-5 (충장로3가)
본 죽&비빔밥 광주일곡점,광주광역시 북구 설죽로 505-9 (일곡동) 1층 도로시헤어
본죽 광주첨단2지구점,광주광역시 북구 첨단연신로91번길 10 (신용동)
본 죽&비빔밥 광주두암점,광주광역시 동구 밤실로 154 (산수동)
본 죽&비빔밥 광주첨단점,광주광역시 광산구 첨단중앙로170번길 64 (쌍암동)
본죽 광주선운지구점,"광주광역시 광산구 선운중앙로 43 (선암동, 광주선운지구EGthe12단지)"
본 죽&비빔밥 광주첨단월계점,광주광역시 광산구 월계로 187 (월계동)
본 죽&비빔밥 광주하남점,"광주광역시 광산구 풍영철길로 15 (우산동, 콜럼버스월드) 2층 213-2호"
본죽 광주신창점,광주광역시 광산구 신창로 84 (신창동)
본도시락 광주조선대점,광주광역시 동구 필문대로 265 (동명동)
본죽 광주쌍촌점,광주광역시 서구 상일로 56 (쌍촌동)
본죽 광주광천점,광주광역시 서구 죽봉대로 95 (광천동)
본 죽&비빔밥 광주풍암점,광주광역시 서구 풍암1로21번길 3-24 (풍암동)
본도시락 광주송정점,"광주광역시 광산구 상무대로 242 (송정동) ,102호"
본죽 광주화정힐스테이트점,광주광역시 서구 화정로 247
본죽 광주신가점,광주광역시 광산구 수등로 248 1층
본죽 광주풍암운리점,광주광역시 서구 풍암신흥로 29 (풍암동)
본죽 광주운암고가점,광주광역시 북구 북문대로 19
본도시락 광주화정역점,광주광역시 서구 상무대로 1055 (화정동)
본죽 광주염주점,광주광역시 서구 월드컵4강로 77 (화정동)
본 죽&비빔밥 광주학동점,광주광역시 동구 제봉로 33 1층(학동)
본도시락 광주전남대점,광주광역시 북구 서방로 11 (중흥동)
본죽 광주수완장덕점,광주광역시 광산구 풍영로 275 (장덕동)
본 죽&비빔밥 광주주월점,광주광역시 남구 대남대로 139 (주월동) 1층
본죽 광주진월점,광주광역시 남구 서문대로 683번지 (진월동)
본 죽&비빔밥 광주노대점,광주광역시 남구 효우로 79-1 스카이빌딩 102
본도시락 광주상무점,광주광역시 서구 운천로 223 (치평동) 상무빌딩(아이퍼스트주차빌딩) 101호
본죽 광주하남산정점,광주광역시 광산구 손재로110번길 21
본 죽&비빔밥 광주수완점,광주광역시 광산구 임방울대로 335 102호
본죽 광주용봉점,광주광역시 북구 설죽로 221 (용봉동)
본죽 광주전남대후문점,광주광역시 북구 우치로 80 (용봉동)
본죽 광주동림점,광주광역시 서구 하남대로 692 (동천동)
본죽 광주매곡점,광주광역시 북구 설죽로315번길 42 (매곡동)
본죽 광주증심사입구역점,광주광역시 동구 남문로 677 (학동)
본죽 광주송정점,광주광역시 광산구 내상로 21 (송정동)
본 죽&비빔밥 대전관저더샵점,대전광역시 서구 관저로 24 (관저동) 1층
본 죽&비빔밥 대전송강점,대전광역시 유성구 구즉로 62 (송강동) 1층
본 죽&비빔밥 대전유성장대동점,대전광역시 유성구 문화원로 1 (장대동) 1층
본 죽&비빔밥 대전학하점,대전광역시 유성구 학하중앙로59번길 5-13 (덕명동) 1층
본 죽&비빔밥 대전가오동점,"대전광역시 동구 은어송로 56 (가오동, 1) 101호"
본 죽&비빔밥 대전노은3지구점,대전광역시 유성구 지족동로 152 (지족동) 코오롱타워 103호
본 죽&비빔밥 대전유성온천역점,"대전광역시 유성구 계룡로 92 (봉명동, 유성CJ나인파크) 104호"
본 죽&비빔밥 대전월평이마트점,"대전광역시 서구 월평로 40 (월평동, 월드프라자) 101호"
본 죽&비빔밥 대전목동점,대전광역시 중구 목중로 47 (목동) 1층
본 죽&비빔밥 대전신탄점,"대전광역시 대덕구 대덕대로 1555 (석봉동, 금강엑슬루타워) 122호"
본 죽&비빔밥 대전용문점,대전광역시 서구 계룡로 625 (탄방동) 1층
본 죽&비빔밥 대전성모병원점,"대전 중구 대흥로 64 (대흥동, 성모병원) 1층"
본 죽&비빔밥 대전하기동점,대전광역시 유성구 송림로 52 (하기동) 105호
본 죽&비빔밥 대전송촌점,"대전광역시 대덕구 동춘당로126번길 2 (송촌동, 아이프라자) 1층"
본 죽&비빔밥 대전역점,대전광역시 동구 대전로 816 (정동) 1층
본 죽&비빔밥 충남대병원점,"대전광역시 중구 문화로 282 (대사동, 충남대학교병원) B1층 구내식당"
본 죽&비빔밥 대전부사점,대전광역시 중구 보문로 49 (문창동)
본 죽&비빔밥 대전월평점,대전광역시 서구 월평북로 83 (월평동)
본 죽&비빔밥 대전건양대병원점,"대전광역시 서구 관저동로 162 (관저동, 건양프라자)"
본도시락 대전관저점,대전광역시 서구 구봉로 121 (관저동) 1층 105호 (하나로프라자)
본 죽&비빔밥 대전도룡점,대전광역시 유성구 가정로 306 (도룡동)
본 죽&비빔밥 서대전점,"대전광역시 중구 계백로 1717 (오류동, 고려빌딩)"
본도시락 서대전역점,"대전광역시 중구 오류로 18 ,1층(오류동)"
본죽 대전관저점,대전광역시 서구 관저중로96번길 12 (관저동) 1층
본 죽&비빔밥 대전법동점,대전광역시 대덕구 계족산로17번길 115 (법동)
본도시락 대전월평선사점,대전광역시 서구 대덕대로 319 (월평동) 1층 117호
본죽 도마사거리점,대전광역시 서구 도산로 42 (도마동) 1층
본도시락 대전목원대점,대전광역시 서구 동서대로 688 (도안동 ) 에프엠프라임 1층 107호
본죽 대전반석역점,대전광역시 유성구 반석로 19 (반석동)
본죽 대전가수원점,대전광역시 서구 원도안로179번길 6(도안동) 1층 102호
본 죽&비빔밥 대전둔산점,대전광역시 서구 둔산로 8 (둔산동)
본죽 대전진잠점,대전광역시 유성구 원내로 37(원내동) 1층
본죽 대전도마동점,대전광역시 서구 배재로 166 (도마동)
본죽 대전전민동점,대전광역시 유성구 전민로22번길 58 (전민동)
본도시락 대전신탄진점,"대전광역시 대덕구 대덕대로 1555 (석봉동, 금강엑슬루타워) 상가동 125호"
본죽 대전대동오거리점,대전광역시 동구 동대전로 72(대동) 2층
본죽 대전내동외고점,"대전광역시 서구 신갈마로 51, B121호(내동,더리치빌상가)"
본 죽&비빔밥 대전도안신도시점,대전광역시 유성구 도안대로 512-12 (봉명동)
본 죽&비빔밥 대전복합터미널점,대전광역시 동구 동서대로 1688 (성남동) 103호
본죽 대전문화산성점,대전광역시 중구 산성로 125 (문화동)
본 죽&비빔밥 대전어은점,대전광역시 유성구 어은로58번길 10 (어은동)
본죽 대전죽동점,대전광역시 유성구 죽동로297번길 72 (죽동) KJ빌딩
본죽 대전삼천동점,대전광역시 서구 둔산로 223 (둔산동) 청솔아파트 상가 1층
본죽 대전용운점,대전광역시 동구 계족로140번길 191 (용운동)
본죽 대전복수점,대전광역시 서구 복수동로 54 (복수동)
본죽 대전도안목원대점,대전광역시 서구 동서대로 692 (도안동) 105호
본죽 대전신성자운대점,대전광역시 유성구 신성남로 31-1 (신성동)
본죽 대전태평점,대전광역시 중구 태평로 18 (유천동) 1층 본죽
본도시락 대전타임월드점,대전광역시 서구 둔산로31번길 72 (둔산동) 홀리뷰빌딩 102호
본도시락 대전충남대점,대전광역시 유성구 궁동로18번길 73(궁동 1층)
본도시락 대전한남대점,대전광역시 대덕구 한남로 35 (오정동)
본도시락 대전우송대점,대전광역시 동구 백룡로 3-1 (자양동)
본도시락 대전대덕테크노벨리점,대전광역시 유성구 테크노4로 115 (관평동)
본도시락 유성봉명점,대전광역시 유성구 봉명동 561-8
본도시락 대전둔산점,대전광역시 서구 둔산로137번길 27
본죽 대덕테크노밸리점,"대전광역시 유성구 테크노4로 119(관평동,리치스카이타워1층103호)"
본죽 대전노은점,대전광역시 유성구 노은로 178 (지족동) 금강프라자 105
본죽 대전가장동점,대전광역시 서구 가장로 107 (가장동) 래미안@ 별리상가114호
본죽 대전은행동점,대전광역시 중구 대종로 498 (은행동) 1층 본죽
본죽 대전둔산로데오점,대전광역시 서구 문정로 77 (탄방동) 로데오타운 321호
본죽 대전한남대점,대전광역시 동구 한남로 2-1 (홍도동)
본죽 대전정림점,대전광역시 서구 정림로 72-1 (정림동)
본죽 대전오정점,대전광역시 대덕구 한밭대로 1006 (오정동)
본죽 대전비래점,대전광역시 대덕구 비래동로 39 (비래동)
본죽 대전판암점,대전광역시 동구 옥천로 168 (판암동)
본도시락 대전중구청점,대전광역시 중구 충무로107번길 100 센트럴자이2단지 제상가동 102호
본 죽&비빔밥 대전둔산법원점,대전광역시 서구 둔산중로72번길 32 아크로프라자
본죽 대전태평쌍용예가점,대전광역시 중구 평촌로 102 (유천동)
본 죽&비빔밥 울산서동점,울산광역시 중구 동천서로 56 (서동) 104호
본도시락 울산옥동점,울산광역시 남구 대공원입구로21번길 44 (옥동) 1층
본 죽&비빔밥 울산청량점,"울산광역시 울주군 청량읍 상남길 25 (상남리, 울주상남골드클래스) 상가동 108호"
본 죽&비빔밥 울산성남점,울산광역시 중구 중앙길 142 (성남동) 1층 본죽&비빔밥 울산성남점
본 죽&비빔밥 울산성안점,울산광역시 중구 성안로 160 (성안동) 103호
본 죽&비빔밥 울산남목점,울산광역시 동구 방어진순환도로 1120 (서부동) 본죽&비빔밥 울산남목점
본 죽&비빔밥 울산구영점,"울산광역시 울주군 범서읍 점촌3길 8-15 (구영리, 지에스프라자) 본죽&비빔밥 울산구영점"
본 죽&비빔밥 울산염포점,울산광역시 북구 염포로 615 (염포동) 본죽&비빔밥 울산염포점
본 죽&비빔밥 울산우정점,"울산광역시 중구 평동3길 1 (유곡동, 울산 유곡 푸르지오) 122동 108호"
본 죽&비빔밥 울산월드점,"울산광역시 북구 괴정1길 114 (매곡동, 아이마음소아청소년병원) 103호"
본 죽&비빔밥 울산공업탑점,울산광역시 남구 봉월로 10 (신정동) 1호
본 죽&비빔밥 울산태화점,"울산 중구 신기14길 1 (태화동, 일신아파트) 상가 106호"
본도시락 울산범서점,울산광역시 울주군 범서읍 구영로 162 103호
본 죽&비빔밥 울산명촌점,울산 북구 명촌로 29 (진장동) 1층
본도시락 울산혁신점,울산광역시 중구 종가2길 40 (유곡동) 102호
본도시락 울산중구청점,울산광역시 중구 화합로 377 (반구동)
본 죽&비빔밥 울산송정점,울산 북구 박상진12로 11 (송정동) 1층
본죽 울산굴화점,울산광역시 울주군 범서읍 장검길 10 (울산원예농협하나로마트) 농협하나로마트
본 죽&비빔밥 울산삼산점,울산광역시 남구 삼산로253번길 7 (달동)
본도시락 울산삼산점,울산광역시 남구 돋질로 202 (달동) 1층
본 죽&비빔밥 울산약사점,울산광역시 중구 번영로 487 (약사동) 1층
본 죽&비빔밥 울산화봉점,"울산광역시 북구 상방로 110 (연암동, 성원아파트) 제상가6동 109호"
본도시락 울산대점,울산광역시 남구 신복로6번길 17 (무거동) 지하1층 102호
본 죽&비빔밥 울산매곡점,울산광역시 북구 매곡1로 46 (매곡동)
본죽 울산일산테라스파크점,울산광역시 동구 방어진순환도로 652 C동 1층 115호
본 죽&비빔밥 울산야음점,"울산광역시 남구 수암로149번길 9 (야음동, 대하미르빌주상복합아파트)"
본죽 울주덕신점,울산광역시 울주군 온산읍 덕신로 269
본 죽&비빔밥 울산무거점,울산광역시 남구 옥현로46번길 5-12 (무거동)
본 죽&비빔밥 울산강동산하점,울산광역시 북구 산하중앙2로 283
본죽 울산온양점,울산광역시 울주군 온양읍 온양로 89번지
본 죽&비빔밥 울산달동굿모닝점,울산광역시 남구 삼산로 123 눈높이 울산센터
본죽 울산병원점,울산광역시 남구 번영로 223 극동스타클래스 105호
본도시락 울산달동야음점,울산광역시 남구 수암로 123
본죽 울산옥동점,울산광역시 남구 문수로344번길 1 (옥동)
본 죽&비빔밥 울산호계점,울산광역시 북구 호계로 329 문화청솔아파트상가 102호
본 죽&비빔밥 울산신정시장점,울산광역시 남구 중앙로 237
본죽 울산쌍용아진점,울산광역시 북구 신답로 36 (상안동)
본죽 울산명덕현대점,울산광역시 동구 방어진순환도로 917
본죽 언양점,울산광역시 울주군 삼남면 교동리 남상평2길 2
본죽 울산전하점,"울산광역시 동구 전하로 37, 103동 102호"
본 죽&비빔밥 산본학원가점[산본제일병원],"경기도 군포시 산본로 394 (산본동, 대림프라자) 105호"
본 죽&비빔밥 신영통반월점,"경기도 화성시 영통로61번길 6 (반월동, 제일프라자) 1층"
본 죽&비빔밥 광주회덕점,경기도 광주시 이배재로 150 (목현동) 109호 본죽&비빔밥 광주회덕점
본 죽&비빔밥 일산백마점,"경기도 고양시 일산동구 일산로 238 (마두동, 대일빌딩) 1층"
본 죽&비빔밥 병점역점,경기도 화성시 병점2로 12 (병점동) 1층
본설렁탕 파주운정역점,"경기도 파주시 책향기로 836 (와동동, 아름터타워) 111호"
본 죽&비빔밥 평택지제점,경기도 평택시 동삭1로22번길 19-6 (동삭동) 더원주차프라자 112호
본도시락 동탄반도체점,"경기도 화성시 삼성1로 160 (석우동, 디지털스테이션) 113호"
본 죽&비빔밥 양주광적점,경기도 양주시 광적면 가래비길 83 (가납리) 1층
본 죽&비빔밥 용인죽전사거리점,"경기도 용인시 수지구 대지로 43 (죽전동, 금강프라자) 113호"
본 죽&비빔밥 포천송우점,경기도 포천시 소흘읍 송우로 38 (송우리)
본 죽&비빔밥 안산그랑자이점,"경기도 안산시 상록구 해안로 776 (사동, 그랑시티타이 LIFE AVENUE) 102호"
본 죽&비빔밥 의정부시청점,"경기도 의정부시 시민로 39 (의정부동, 대정프라자) 1층"
본 죽&비빔밥 시흥배곧한라점,"경기도 시흥시 배곧1로 27-15 (배곧동, 한라비발디캠퍼스) 상가3동 104호"
본설렁탕 병점진안점,"경기도 화성시 효행로 1059 (진안동, 미래프라자) 109호"
본 죽&비빔밥 부천옥길점,"경기도 부천시 옥길로 121 (옥길동, 씨티프라자) 104호"
본 죽&비빔밥 의정부고산점,"경기도 의정부시 서광로 135 (산곡동, 센타프라자) 1층 103호"
본 죽&비빔밥 여주오학점,경기도 여주시 도예로 53 (현암동)
본설렁탕 수원아주대점,경기도 수원시 팔달구 중부대로 229 (우만동) GS타워 103호
본 죽&비빔밥 동탄능동점,"경기도 화성시 동탄지성로 133 (능동, 덕천프라자) 108호"
본 죽&비빔밥 시흥배곧점,"경기도 시흥시 서울대학로278번길 19-8 (배곧동, 새롬프라자) 115호"
본 죽&비빔밥 포천점,경기도 포천시 포천로 1577 (신읍동) 1층
본도시락 판교파미어스점,경기도 성남시 수정구 창업로 17 (시흥동) 지하1층 B105-2
본설렁탕 시흥시청점,"경기도 시흥시 시청로68번길 4 (장현동, 장현1 엔플러스빌) 106, 107호"
본 죽&비빔밥 성남신시청점,경기도 성남시 중원구 성남대로997번길 25-15 (여수동) 1층 본죽&비빔밥 성남신시청점
본 죽&비빔밥 부천중동역점,경기도 부천시 중동로 48 (송내동) 대우프라자 1층 109호
본 죽&비빔밥 일산가좌점,경기도 고양시 일산서구 가좌3로 7-1 (가좌동) 나동 102호
본 죽&비빔밥 성남도촌점,"경기도 성남시 중원구 도촌남로 27 (도촌동, 동강프라자) 111호"
본 죽&비빔밥 용인구갈점,"경기도 용인시 기흥구 관곡로 92 (구갈동, 신건프라자) 104호"
본 죽&비빔밥 용인신갈점,"경기도 용인시 기흥구 새천년로26번길 2 (신갈동, 센타프라자) 110호"
본도시락 안산시청점,경기도 안산시 단원구 원고잔로 17 (고잔동) 에비뉴 큐브시티 오피스텔 1층 상가
본 죽&비빔밥 시흥장곡점,경기도 시흥시 장현장곡로 2 (장곡동) 103호
본죽 용인서천점,"경기도 용인시 기흥구 서천로 121 (서천동, 원희캐슬 서천프라자) 112호"
본 죽&비빔밥 구리갈매점,경기도 구리시 갈매중앙로 70 (갈매동) 1층 120호
본 죽&비빔밥 분당정자네이버점,"경기도 성남시 분당구 정자일로 100 (정자동, 미켈란쉐르빌) 1층 본죽&비빔밥 분당정자네이버점"
본 죽&비빔밥 안양1번가점,경기도 안양시 만안구 안양로 276 (안양동) 1층
(취소)본 죽&비빔밥 남양주호평알프하임점,"경기도 남양주시 백봉로 32 (호평동, 두산 알프하임) A동 상가 107호"
본 죽&비빔밥 광교중흥점,"경기도 수원시 영통구 광교호수공원로 277 (원천동, 광교중흥에스클래스) B2 11호"
본 죽&비빔밥 곤지암점,경기도 광주시 곤지암읍 곤지암로 65 (곤지암리) 1층 본죽&비빔밥 곤지암점
본도시락 동탄2신도시점,경기도 화성시 동탄대로 599 (영천동) 지엘프라자 108호
본 죽&비빔밥 일산식사점,경기도 고양시 일산동구 위시티로 67 (식사동) 103호
본 죽&비빔밥 부천소사본동점,경기도 부천시 소사로 220 (소사본동) 101호
본설렁탕 시흥배곧점,"경기도 시흥시 서울대학로278번길 19-8 (배곧동, 새롬프라자) 1층 107호"
본도시락 양주덕정점,경기도 양주시 독바위로 9 (덕정동) 1층
본도시락 미사강변점,경기도 하남시 미사강변한강로 135 (망월동) 지식산업센터 나동 1층134호
본 죽&비빔밥 평택시청점,"경기도 평택시 평택5로20번길 39 (합정동, 합정동 타임스퀘어) 1층 제104호"
본 죽&비빔밥 수원성빈센트병원점,"경기도 수원시 팔달구 중부대로 110 (인계동, 한라시그마팰리스) 101호"
본 죽&비빔밥 군포부곡점,"경기도 군포시 군포첨단산업2로 4 (부곡동, 티타워) 1층"
본설렁탕 의왕삼동점,경기도 의왕시 오봉산단3로 25 (삼동) 더리브비즈원 126호
본 죽&비빔밥 남양주진접더샵점,경기도 남양주시 진접읍 부평로48번길 140 (부평리) 상가 3동 106호
본 죽&비빔밥 분당오리무지개점,"경기도 성남시 분당구 구미로 60 (구미동, 관보쇼핑) 107호"
본 죽&비빔밥 하남덕풍점,"경기도 하남시 신장로 151 (덕풍동, 대동피렌체) 105호"
본 죽&비빔밥 의정부을지대병원점,경기도 의정부시 동일로747번길 57 (금오동) 205호
본 죽&비빔밥 경기광주초월점,경기도 광주시 초월읍 경충대로 1083 (쌍동리) 1층
본설렁탕 동탄첨단점,경기도 화성시 동탄첨단산업1로 51-9 (영천동) 동탄M타워 135호
본 죽&비빔밥 수원화서사거리점,"경기도 수원시 팔달구 동말로78번길 3 (화서동, 한흥빌딩) 본죽&비빔밥 수원화서사거리점"
본도시락 파주교하산내마을점,"경기도 파주시 파주로 266 (동패동, 아이비타워) 101호"
본도시락 전곡점,경기도 연천군 전곡읍 전곡로164번길 6-1 (전곡리) 1층
본도시락 수지성복역점,"경기도 용인시 수지구 성복2로76번길 26-3 (성복동, 드림타워) 205호"
본 죽&비빔밥 역곡북부역점,"경기도 부천시 역곡로 24 (역곡동, 덕산빌딩) 104호"
본 죽&비빔밥 의왕고천점,"경기도 의왕시 전주남이길 8 (오전동, 목화케이티이자리에) 1층"
본 죽&비빔밥 평촌나눔초교점,"경기도 안양시 동안구 흥안대로414번길 34 (평촌동, 천사유치원) 1층"
본도시락 화정점,"경기도 고양시 덕양구 화신로 263 (화정동, 브릿지타워(BRIDGE TOWER)) 2층 206호"
본도시락 광명역점,경기도 광명시 일직로 72 (일직동) 광명무역센터(일직동) C동 117호
본 죽&비빔밥 범계로데오점,경기도 안양시 동안구 평촌대로223번길 48 (호계동) 2층
본 죽&비빔밥 일산킨텍스역점,"경기도 고양시 일산서구 킨텍스로 240 (대화동, 킨텍스 꿈에그린) 145호"
본 죽&비빔밥 수지상현점,"경기도 용인시 수지구 만현로 110 (상현동, 원희캐슬프라자) b동 109호"
본설렁탕 분당야탑점,"경기도 성남시 분당구 장미로 42 (야탑동, 야탑리더스) 제1층 제114호"
본 죽&비빔밥 고양서정마을점,"경기도 고양시 덕양구 중앙로 450 (행신동, 명성프라자) 110호"
본 죽&비빔밥 남양주다산지금점,"경기도 남양주시 다산지금로 127 (다산동, 다산지금지구 근생8-1) 1층 103호"
본 죽&비빔밥 파주운정역점,"경기도 파주시 경의로1240번길 31 (와동동, 현해프라자) 107호"
본 죽&비빔밥 성남중앙시장점,"경기도 성남시 수정구 수정로 131 (태평동, 낙원스카이뷰) 105호 본죽&비빔밥 성남중앙시장점"
본설렁탕 광교중앙점,"경기도 수원시 영통구 센트럴타운로 106 (이의동, 센트럴프라자) 107호"
본도시락 의정부금오점,"경기도 의정부시 장곡로596번길 15 (신곡동, 우정프라자) 107호"
본도시락 의왕역점,경기도 의왕시 신장승길 29 (삼동) 퍼스트힐 1층
본 죽&비빔밥 김포장기초당마을점,"경기도 김포시 김포한강2로 96 (장기동, 계림프라자투) 101호"
본 죽&비빔밥 오산수청점,"경기도 오산시 내삼미로 83 (수청동, 센타프라자) 1층, 101호"
본 죽&비빔밥 부천여월점,"경기도 부천시 여월로 72 (여월동, 여월프라자) 101호"
본도시락 남양주호평점,경기도 남양주시 천마산로16번길 5 (호평동) 1층 101호
본도시락 김포구래점,"경기도 김포시 김포한강8로 332 (구래동, 호반베르디움 더 레이크 3차) 103호"
본 죽&비빔밥 이천하이닉스점,경기도 이천시 부발읍 경충대로 2100 (아미리) 107호
본도시락 일산탄현점,"경기도 고양시 일산서구 탄현로 95 (탄현동, 탄현마을10단지) 1층"
본 죽&비빔밥 분당야탑역점,"경기도 성남시 분당구 성남대로926번길 6 (야탑동, 야탑 대덕프라자) 205호"
본 죽&비빔밥 철산역점,"경기도 광명시 오리로 857 (철산동, 일청빌딩) 205호"
본 죽&비빔밥 평택법원점,"경기도 평택시 평남로 1015 (동삭동, 서재프라자) 103호"
본 죽&비빔밥 부천고강점,경기도 부천시 역곡로 491 (고강동) 1층
본 죽&비빔밥 포천일동점,경기도 포천시 일동면 소야길 17 (기산리) 1층
본 죽&비빔밥 수원파장점,"경기도 수원시 장안구 정자로 155 (정자동, 훼미리치과) 본죽"
본 죽&비빔밥 산본중심점,"경기도 군포시 산본로323번길 26-18 (산본동, 거성빌딩1차) 102호"
본도시락 동두천점,경기도 동두천시 평화로2313번길 7-5 (지행동) 1층
본도시락 삼송점,경기도 고양시 덕양구 삼송로 222 (삼송동) 현대 헤리엇 상가 2층 229호
본도시락 남양주마석점,경기도 남양주시 화도읍 경춘로 1943 (창현리) 미리내빌딩 1층
본도시락 용인수지구청점,"경기도 용인시 수지구 풍덕천로148번길 4 (풍덕천동, 하나마트) 102호"
본도시락 병점점,경기도 화성시 효행로 1016 (진안동) 102호
본 죽&비빔밥 남양주금곡점,"경기도 남양주시 금곡로 72 (금곡동, 센타프라자) 1층"
본도시락 화성향남점,"경기도 화성시 향남읍 행정중앙2로 63-34 (행정리, 명신프라자2) 1층"
본 죽&비빔밥 부천오정점,"경기도 부천시 오정로 246 (오정동, 신오빌딩2) 1층"
본도시락 고덕삼성점,경기도 평택시 고덕여염12길 116 (고덕동) 1층
본 죽&비빔밥 시흥거모점,"경기도 시흥시 군자로 507 (거모동, 군자프라자) 113호"
본 죽&비빔밥 양주고읍점,경기도 양주시 고읍남로 15 (광사동) 마들프라자 104호
본도시락 파주문산점,경기도 파주시 문산읍 우계로 424 (선유리) 1층 113호
본도시락 일산동국대병원점,"경기도 고양시 일산동구 위시티로 25 (식사동, 부경빌딩) 1층"
본 죽&비빔밥 평택고덕국제점,"경기도 평택시 고덕중앙로 200-4 (고덕동, 우성고덕타워) 1층 120호"
본 죽&비빔밥 파주문산점,"경기도 파주시 문산읍 문향로75번길 19-12 (문산리, 삼성멀티프라자) 1층"
본설렁탕 의정부금오점,"경기도 의정부시 부용로 105 (금오동, 프레티넘프라자2) 1층 107호"
본 죽&비빔밥 광주능평점,경기도 광주시 오포읍 능평로 221 (능평리) 1층
본 죽&비빔밥 광주탄벌점,경기 광주시 포돌이로 6-1 (탄벌동) 1층
본 죽&비빔밥 원흥지구점,"경기도 고양시 덕양구 도래울로 54 (도내동, 도래올빌딩) 106호"
본 죽&비빔밥 안산본오점,"경기도 안산시 상록구 샘골로 144 (본오동, 유경빌딩) 103호"
본 죽&비빔밥 시흥능곡점,"경기도 시흥시 승지로59번길 1 (능곡동, 건아빌딩) 103호"
본도시락 수원정자점,경기도 수원시 장안구 정자천로 179 (정자동) 1층
본도시락 행신역점,경기도 고양시 덕양구 소원로 111 (행신동) 라온팰리스오피스텔 1층 102호
본설렁탕 파주운정점,경기도 파주시 청암로17번길 31 (목동동) 110호
본도시락 남양주평내점,경기도 남양주시 경춘로1308번길 4 (평내동) 1층
본 죽&비빔밥 하남감일점,"경기도 하남시 감일백제로 105 (감이동, 신성메디타워) 107호"
본 죽&비빔밥 분당카페거리점,"경기 성남시 분당구 정자일로 230 (정자동, 동양정자파라곤) 113호"
본 죽&비빔밥 광주양벌점,"경기 광주시 오포읍 양벌로 207 (양벌리, 백두산빌딩) 1층"
본 죽&비빔밥 마석역점,경기 남양주시 화도읍 마석중앙로 76 (마석우리) 1층
본 죽&비빔밥 김포신곡점,경기 김포시 고촌읍 수기로 115 (신곡리) 센트럴타워 103호
본 죽&비빔밥 송탄점,경기도 평택시 관광특구로 13 (서정동) 101호
본 죽&비빔밥 구리한대병원점,"경기 구리시 경춘로 160 (교문동, 도양빌딩) 1층"
본 죽&비빔밥 일산덕이점,경기 고양시 일산서구 덕이동 1543 금문프라자 101호
본죽 평택소사벌점,"경기 평택시 평남로 858 (비전동, 삼성타워) 1층"
본죽 부천팰리스중동시장점,"경기도 부천시 장말로216번길 3 (중동, 팰리스카운티) 103호"
본 죽&비빔밥 수원세류점,"경기도 수원시 권선구 권선로 550 (세류동, 태봉빌딩) 101호"
본 죽&비빔밥 일산정발산점,"경기 고양시 일산동구 일산로 452 (정발산동, 일산프라자)"
본 죽&비빔밥 화성조암점,경기 화성시 우정읍 조암동로10번길 13 (조암리) 101호
본도시락 구리인창점,경기도 구리시 동구릉로53번길 4 (인창동)
본 죽&비빔밥 서판교점,"경기 성남시 분당구 운중로 140 (운중동, 메트로골드) 1층"
본 죽&비빔밥 성남고등점,경기 성남시 수정구 청계산로 686 (고등동) 반도아이비밸리 110호
본 죽&비빔밥 기흥역점,"경기도 용인시 기흥구 기흥역로58번길 10 (구갈동, 기흥역센트럴푸르지오) 3동 108호"
본죽 분당수내푸른마을점,"경기도 성남시 분당구 돌마로366번길 42 (수내동, 동한프라자)"
본 죽&비빔밥 동탄꼬모점,경기도 화성시 동탄대로 198 (산척동) 102호
본죽 수원화서점,"경기 수원시 팔달구 일월로22번길 3 (화서동, 현승빌딩) 102호"
본 죽&비빔밥 고양화정점,"경기 고양시 덕양구 화신로272번길 3 (화정동, 대경프라자 II) 1층"
본설렁탕 수지상현점,"경기 용인시 수지구 광교중앙로 338 (상현동, 광교우미뉴브) R-B127호"
본 죽&비빔밥 봉담신도시점,경기 화성시 봉담읍 매봉로 443 1층 103호
본 죽&비빔밥 남양주진접점,"경기도 남양주시 진접읍 해밀예당3로 60 (금곡리, 호평프라자) 104호"
본도시락 의정부민락지구점,경기도 의정부시 용민로 477 (민락동)
본 죽&비빔밥 화정명지병원점,경기 고양시 덕양구 화중로138번길 5-3 (화정동) 1층
본 죽&비빔밥 수지상현점,"경기도 용인시 수지구 만현로 110 (상현동, 원희캐슬프라자) B동 109호"
본죽 수원정자백설마을점,"경기도 수원시 장안구 대평로90번길 16 (정자동, 대일프라자)"
본죽 김포통진점,경기 김포시 통진읍 조강로 62-1 (서암리) 1층
본 죽&비빔밥 마북교동마을점,"경기도 용인시 기흥구 마북로 164 (마북동, 테라스가든A빌딩) 106호"
본도시락 안양호계점,"경기 안양시 동안구 흥안대로 94 (호계동, 리치밸리) 104호"
본 죽&비빔밥 시흥목감역점,"경기도 시흥시 목감우회로 39 (목감동, 목감시티프라자) 105호"
본도시락 경기광주경안점,경기도 광주시 중앙로 76 (역동) 1층
본 죽&비빔밥 남양주가운점,"경기도 남양주시 가운로1길 1 (다산동, 드림프라자) 105호"
본 죽&비빔밥 김포걸포점,"경기 김포시 걸포2로 83 (걸포동, 한강메트로자이1단지) 105호"
본도시락 경기광주태전점,"경기도 광주시 태봉로 161 (태전동, 힐스테이트 태전2차 에듀포레) 근린생활시설동 1층 109호"
본죽 동수원점,"경기도 수원시 팔달구 권광로 373 (우만동, 월드메르디앙 아파트) 월드메르디앙단지상가121-105호"
본죽 평택청북점,경기 평택시 청북읍 안청로 328 (옥길리) 104호
본 죽&비빔밥 구리인창점,"경기도 구리시 건원대로34번길 25 (인창동, 신아월드코아) 제 2층 204호"
본 죽&비빔밥 구일산점,"경기도 고양시 일산서구 고봉로 291 (일산동, 에이스스타디움) 126호"
본도시락 별내점,경기도 남양주시 별내5로5번길 4-23 (별내동)
본도시락 서판교점,경기도 성남시 분당구 판교공원로2길 21 (판교동) 102호
본 죽&비빔밥 동탄솔빛나루점,"경기도 화성시 동탄솔빛로 58 (반송동, 동유프라자) 104호"
본도시락 원흥역점,경기도 고양시 덕양구 권율대로 690 (원흥동) 동원로열듀크2차 203동 102호
본도시락 화성봉담점,경기도 화성시 봉담읍 상봉길 31 (지맨프라자) 110호
본 죽&비빔밥 의정부금오점,"경기도 의정부시 청사로47번길 15 (금오동, 골드피아) 104호"
본 죽&비빔밥 이천점,경기도 이천시 서희로59번길 3-2 (창전동) 2층
본도시락 부천상동점,"경기도 부천시 송내대로265번길 17 (상동, 효성프라자) 104호"
본죽 부천범박점,"경기도 부천시 범안로 118 (범박동, 신한은행365) 영플러스 101호"
본도시락 산본점,"경기도 군포시 번영로 508 (금정동, 신산빌딩) 104호"
본도시락 시흥시청점,"경기도 시흥시 시청로68번길 10 (장현동, 봉빈빌딩) 102호"
본도시락 부천옥길점,"경기도 부천시 범안로219번길 19 (옥길동, 부천옥길자이) 상가 203호"
본 죽&비빔밥 안산고잔법원점,"경기도 안산시 단원구 광덕서로 78 (고잔동, 대한법조) 대한법조타운 118호"
본 죽&비빔밥 시흥시화점,"경기도 시흥시 중심상가2길 8 (정왕동, 중앙빌딩) 102호"
본 죽&비빔밥 시흥배곧타운점,"경기도 시흥시 배곧4로 32-9 (정왕동, 골든프라자) 111호"
본 죽&비빔밥 화성송산점,경기도 화성시 수노을중앙로 136 (새솔동) 메가타워 109호
본죽 부천도당점,"경기도 부천시 삼작로 298 (도당동, 대영빌딩)"
본도시락 하남미사점,경기도 하남시 미사강변중앙로111번길 58 (풍산동)
본죽 남양주월산점,경기도 남양주시 화도읍 경춘로2290번길 4 (남양주월산사랑으로부영1단지) 101호
본죽 김포양곡점,경기도 김포시 양촌읍 양곡2로 30 (김포메디컬시티) 103호
본 죽&비빔밥 김포풍무역점,경기도 김포시 유현로238번길 31 (풍무동) 웅신타워 109호
본 죽&비빔밥 용인동백역점,"경기도 용인시 기흥구 동백3로11번길 8-1 (중동, 제일프라자) 1층"
본죽 별내로데오점,"경기도 남양주시 별내3로 66 (별내동, 오션타워) 104호"
본 죽&비빔밥 고양향동점,경기도 고양시 덕양구 향기4로 1 (향동동) (중흥메디프라자) 109호
본도시락 안양동점,경기도 안양시 만안구 박달로 541 (박달동)
본죽 용인동천래미안점,"경기도 용인시 수지구 동천로113번길 10 (동천동, 한빛마을래미안이스트팰리스2단지) 상가동2블럭 14호"
본죽 화성남양점,경기도 화성시 남양읍 남양성지로 177
본도시락 시흥은계점,"경기도 시흥시 대은로103번길 7 (대야동, 신화프라자) 102호"
본 죽&비빔밥 광명역점,"경기도 광명시 덕안로77번길 5 (일직동, 지웰에스테이트) 1층 103호"
본 죽&비빔밥 미사역점,"경기도 하남시 미사강변남로 103 (망월동, 미사랑데르Ⅲ) 113호"
본도시락 다산중앙점,"경기도 남양주시 다산순환로 355 (다산동, 으뜸웰 타워) 으뜸웰타워 204 호"
본도시락 다산지금점,"경기도 남양주시 다산지금로 124-73 (다산동, 다산지금지구F3-3-4)"
본 죽&비빔밥 용인마평점,"경기도 용인시 처인구 금령로 147 (마평동, 한솔빌딩)"
본 죽&비빔밥 성남중앙병원점,경기도 성남시 중원구 산성대로476번길 6 (금광동) 1층
본죽 평택팽성점,경기도 평택시 팽성읍 동서촌로 73
본 죽&비빔밥 고양신원점,경기도 고양시 덕양구 신원로1길 22 (신원동)
본 죽&비빔밥 용인물푸레마을점,경기도 용인시 기흥구 구성3로28번길 32 (청덕동) 일월프라자 107호
본 죽&비빔밥 용인한숲점,경기도 용인시 처인구 남사면 한숲로 45 1층 126호 (한숲스퀘어옐로우)
본 죽&비빔밥 시흥은계점,"경기도 시흥시 은계번영길 5 (은행동, 은계푸리마타워) 은계푸리마타워 103호"
본 죽&비빔밥 부천역점,"경기도 부천시 부일로 448 (심곡동, 프리존빌딩) 1층 103호"
본도시락 평택소사벌점,경기도 평택시 비전4로 47 (비전동) 106호
본 죽&비빔밥 전곡점,경기도 연천군 전곡읍 전곡로 147
본 죽&비빔밥 수원천천점,"경기도 수원시 장안구 만석로5번길 12-10 (천천동, 중앙프라자)"
본도시락 수원고색산업단지점,"경기도 수원시 권선구 산업로156번길 142-10 (고색동, 수원벤처밸리∥) A-111호"
본 죽&비빔밥 이천마장점,경기도 이천시 마장면 오천로 49 마장더퍼스트 1층
본죽 광명하안점,"경기도 광명시 하안로 294-9 (하안동, 양정빌딩) 104호"
본 죽&비빔밥 고양원당점,경기도 고양시 덕양구 호국로 780 (성사동) 1층
본 죽&비빔밥 가평점,경기도 가평군 가평읍 가화로 116
본죽 시흥삼미시장점,"경기도 시흥시 삼미시장1길 19 (신천동, 늘푸른교회) 삼미상가 A-106"
본설렁탕 안산선부점,경기도 안산시 단원구 선부광장1로 56 (선부동)
본죽 성남신흥동점,"경기도 성남시 수정구 공원로 322 (신흥동, 신동아파라디움) 101호"
본죽 부천라일락마을점,"경기도 부천시 도약로 25 (상동, 대동프라자) 102호"
본 죽&비빔밥 신갈강남병원점,경기도 용인시 기흥구 신구로12번길 9 (구갈동)
본설렁탕 산본점,"경기도 군포시 광정로 68 (산본동, 세종빌딩) 2층 204호"
본죽 하남시청점,"경기도 하남시 대청로 15 (신장동, 오피스텔트레벨) 1층 103호"
본 죽&비빔밥 행신롯데마트옆점,"경기도 고양시 덕양구 중앙로558번길 7-4 (행신동, 행신동비전프라자)"
본도시락 분당정자점,"경기도 성남시 분당구 성남대로 393 (정자동, 두산위브파빌리온) B동 102호"
본죽 양주덕계점,경기도 양주시 평화로 1432 (덕계동)
본 죽&비빔밥 고양능곡점,"경기도 고양시 덕양구 토당로 115 (토당동, 금호프라자)"
본도시락 수원아주대점,"경기도 수원시 영통구 월드컵로 185 (원천동, 캠퍼스빌)"
본 죽&비빔밥 남양주덕소점,경기도 남양주시 와부읍 덕소로97번길 13 이레빌딩 201호
본 죽&비빔밥 수원율전점,경기도 수원시 장안구 서부로 2113 (율전동) 1층
본 죽&비빔밥 수원권선점,경기도 수원시 권선구 덕영대로1201번길 36 (권선동) 1층
본 죽&비빔밥 죽전현대홈타운점,"경기도 용인시 수지구 현암로 119 (죽전동, 죽전메디뷰) 102호"
본도시락 판교테크노벨리점,"경기도 성남시 분당구 판교역로 230 (삼평동) 삼환하이펙스 B동 제지1층 102호,102-1호"
본죽 화성사강점,경기도 화성시 송산면 사강시장길 68
본도시락 수원호매실점,경기도 수원시 권선구 금곡로 201 (금곡동) 105호
본 죽&비빔밥 양주옥정점,경기도 양주시 옥정로 196 (옥정동)
본 죽&비빔밥 일산주엽점,"경기도 고양시 일산서구 중앙로 1413 (주엽동, 동영빌딩) 105호"
본 죽&비빔밥 남양주마석점,경기도 남양주시 화도읍 맷돌로91번길 4-18
본도시락 화성남양점,경기도 화성시 남양읍 시청로 54 골드프라자 101호
본죽 성남수진역점,"경기도 성남시 수정구 산성대로 207 (신흥동, 에드모스)"
본 죽&비빔밥 수원호매실휴먼시아점,경기도 수원시 권선구 금곡로 112 (금곡동) 이수프라자 103호
본 죽&비빔밥 위례역점,"경기도 성남시 수정구 위례광장로 21-6 (창곡동, 정프라자) 103호"
본 죽&비빔밥 수원탑동점,경기도 수원시 권선구 탑동로 61 (탑동)
본 죽&비빔밥 오산시청점,"경기도 오산시 성호대로 123 (오산동, 오산그린프라자) 102호 1층"
본설렁탕 판교테크노밸리점,"경기도 성남시 분당구 판교역로 231 (삼평동, 에이치스퀘어 에스동) 1층 131호"
본죽 김포마산점,경기도 김포시 김포한강8로 167 (마산동) 이루프라자 105호
본 죽&비빔밥 동삭센트럴자이점,"경기도 평택시 상서재로 55 (동삭동, 평택센트럴자이3단지)"
본도시락 남양주진접점,경기도 남양주시 진접읍 해밀예당3로 93 (리원프라자)
본 죽&비빔밥 광교법조타운점,경기도 수원시 영통구 광교중앙로248번길 40 (하동) 101호 (광교스마트법조프라자)
본 죽&비빔밥 동탄호수공원점,경기도 화성시 동탄순환대로 127-5 (산척동) 1층
본도시락 수원성균관대점,"경기도 수원시 장안구 서부로2126번길 30 (율전동, 삼전상가) 삼전상가 나동9호"
본도시락 분당서현점,"경기도 성남시 분당구 황새울로312번길 20 (서현동, 분당태성빌딩) 1층"
본 죽&비빔밥 안산반월역점,"경기도 안산시 상록구 건건로 123 (건건동, 한맥빌딩) 3층"
본도시락 광교법조타운점,경기도 수원시 영통구 광교중앙로248번길 40 (하동) 광교스마트법조프라자 119호
본도시락 수원경기대점,경기도 수원시 영통구 대학4로 38 (이의동)
본 죽&비빔밥 동탄산척점,경기 화성시 동탄순환대로 253 (산척동) 모닝그레이스빌딩 107호
본 죽&비빔밥 용인흥덕점,"경기도 용인시 기흥구 흥덕중앙로 59 (영덕동, 용인흥덕노블레스흥덕노블레스) 1층"
본 죽&비빔밥 동탄목동점,경기도 화성시 왕배산2길 4-16 (목동)
본 죽&비빔밥 신중동점,"경기도 부천시 중동로248번길 86 (중동, 탑프라자) 104호"
본죽 시흥은행점,"경기도 시흥시 대은로 92 (은행동, 대양빌딩) 103호"
본 죽&비빔밥 수원호매실화홍병원점,경기도 수원시 권선구 호매실로90번길 86 (호매실동) 호매실가든주차타워 104호
본 죽&비빔밥 경기안성점,경기도 안성시 백성1길 20 (대천동)
본 죽&비빔밥 파주야당역점,경기도 파주시 경의로 1056 (야당동) 아이플랙스 1층 115호
본죽 광주쌍령점,"경기도 광주시 경충대로 1430 (쌍령동, 대광로제비앙) (B06호)"
본죽 구리수택점,경기도 구리시 검배로 55 (수택동) 102호
본도시락 양주옥정점,경기도 양주시 옥정로 147 (옥정동)
본 죽&비빔밥 파주금촌점,"경기도 파주시 중앙로 303 (금촌동, 재성빌딩)"
본 죽&비빔밥 안성당왕점,"경기도 안성시 고수2로 18 (당왕동, 대우경남아파트) 대우경남아파트 상가 103, 104호"
본죽 백현점,"경기도 성남시 분당구 동판교로 58 (백현동, 나이스프라자) 나이스프라자 1층"
본 죽&비빔밥 동탄점,"경기도 화성시 동탄반석로 196 (반송동, 아이프라자) 114호"
본 죽&비빔밥 성남금광점,"경기도 성남시 중원구 광명로 325 (금광동, 대성빌딩) 1층"
본도시락 부천중동점,"경기도 부천시 신흥로 173 (중동, 중동아크로텔) 112호"
본죽 평택이충2지구점,"경기도 평택시 이충로35번길 22 (이충동, 뜨란프라자) 105호"
본도시락 광교중앙점,"경기도 수원시 영통구 센트럴타운로 107 (이의동, 광교푸르지오월드마크) 204동 제B25호"
본도시락 파주금릉점,경기도 파주시 금빛로 12 삼성프라자 101호
본죽 서동탄역점,경기도 화성시 남여울3길 3 (능동) 108호
본도시락 포천이동점,"경기도 포천시 이동면 화동로 2058 ,1층"
본죽 수원신동점,경기도 수원시 영통구 삼성로 11 래미안 영통마크원 2단지 215동 108호
본죽 남양주사능점,경기도 남양주시 진건읍 진건오남로 75
본도시락 구리수택점,경기도 구리시 검배로 55 (수택동) 하이스트빌 1층 109호
본죽 의정부성모병원점,경기도 의정부시 금오로 121-8 (금오동)
본 죽&비빔밥 평촌스마트스퀘어점,"경기도 안양시 동안구 시민대로327번길 7 (관양동, 대명글로벌비즈스퀘어 125호)"
본죽 시흥시화병원점,경기도 시흥시 정왕대로 64 메가쇼핑몰 117호
본죽 산본점,경기도 군포시 번영로 505 산본대우디오플러스 103호
본죽 화성시청점,"경기도 화성시 남양읍 시청로 109 ,103호"
본도시락 안성점,경기도 안성시 아양로 4 1층 (석정동)
본죽 용인양지점,경기도 용인시 처인구 양지면 양지로 156
본죽 경기광주신현점,경기도 광주시 오포읍 신현로 51
본도시락 용인역북점,경기도 용인시 처인구 명지로60번길 8-14 (역북동) 1층
본죽 수원연무점,경기도 수원시 장안구 연무로 48-2 (연무동)
본죽 안산부곡점,경기도 안산시 상록구 부곡로 118
본죽 군포G샘병원점,경기도 군포시 군포로 581 (당동) 1층
본죽 남양주호평점,경기도 남양주시 늘을1로16번길 29 (호평동) 늘봄빌딩 107호
본 죽&비빔밥 파주운정신도시점,경기도 파주시 미래로 369-71 동방프라자 1층 106호
본도시락 역곡점,"경기도 부천시 지봉로 100 (역곡동, 청호빌딩) 1층"
본죽 일산중산점,경기도 고양시 일산동구 중산로 244 (중산동) 고은프라자 106호
본도시락 의정부시청점,"경기도 의정부시 둔야로33번길 22, 지상1층"
본죽 양주GS자이점,경기도 양주시 삼숭로38번길 71 (삼숭동) 양주프라자 2상가 제2층
본죽 평택이충동점,경기도 평택시 송탄로40번길 79-26 (이충동) 굿스마트빌 101호
본 죽&비빔밥 병점진안점,경기도 화성시 효행로 1059 (진안동)
본 죽&비빔밥 동탄청계점,경기도 화성시 동탄대로시범길 148-54 (청계동) A동 201호
본죽 파주금릉역점,경기도 파주시 금빛로 27 광장프라자 1층106호 (금촌동)
본죽 시흥정왕역점,경기도 시흥시 마유로418번길 24 (정왕동) 101호
본도시락 안산선부점,"경기도 안산시 단원구 달미로 64 (선부동, 롯데마트) 상가동113호"
본죽 명학역점,경기도 안양시 만안구 안양로 145
본 죽&비빔밥 판교역점,경기도 성남시 분당구 대왕판교로606번길 31 (삼평동) 112호~114호
본죽 시흥하상동점,경기도 시흥시 연성로 93 금호프라자(하상2길 15) 106호
본죽 수원한일타운점,경기도 수원시 장안구 송원로 83 (조원동) 메가플러스3차 113호
본죽 부천중동점,"경기도 부천시 소향로 135 (중동, 부일빌딩) 1층 107호"
본 죽&비빔밥 수원역사직영점,"경기도 수원시 팔달구 덕영대로 924 (매산로1가, AK플라자)"
본죽 수원권선롯데마트점,"경기도 수원시 권선구 세권로304번길 62 (권선동, 베스토아) 114-1호"
본도시락 수원역점,"경기도 수원시 팔달구 매산로 51 (매산로2가, 동인트루빌3오피스텔) 1층 103호"
본죽 오산궐동점,경기도 오산시 궐리사로 53
본죽 용인신봉점,경기도 용인시 수지구 신봉2로 3 (신봉동) 107호
본도시락 성남시청점,경기도 성남시 중원구 양현로405번길 7 신야탑푸르지오시티2
본 죽&비빔밥 분당롯데점,경기도 성남시 분당구 백현로101번길 12 (수내동) 세인프라자 106호
본도시락 용인기흥구청점,"경기도 용인시 기흥구 구갈로60번길 1 (구갈동, 오래메디칼센타) 1층 103호"
본죽 경기평택점,경기도 평택시 중앙2로 26 (평택동) 1층
본죽 평촌학원가점,"경기도 안양시 동안구 평촌대로 140 (평촌동, 아트상가빌딩) 103호"
본도시락 안산고잔점,경기도 안산시 단원구 광덕대로 130 101호
본 죽&비빔밥 미사센트럴점,"경기도 하남시 미사강변대로 80 (풍산동, 그린프라자) 104호"
본도시락 광명사거리역점,경기도 광명시 오리로 1013 (광명동)
본 죽&비빔밥 경기광주점,경기도 광주시 광주대로 11-26 (역동) 1층
본 죽&비빔밥 안산상공회의소점,"경기도 안산시 단원구 적금로 120 (고잔동, 안산상공회의소)"
본 죽&비빔밥 위례창곡점,"경기도 성남시 수정구 위례동로 147 (창곡동, 위례건아타워)"
본죽 의정부낙양점,"경기도 의정부시 용민로 407 (낙양동, 한덕프라자) 101호"
본도시락 모란점,경기도 성남시 중원구 제일로 41 (성남동) 1층
본죽 용인기흥점,"경기도 용인시 기흥구 덕영대로2077번길 16 (영덕동, 대정프라자) 106호"
본죽 수원권선시장점,경기도 수원시 권선구 세권로 190 (권선동) 1층
본 죽&비빔밥 향남2지구점,경기도 화성시 향남읍 상신하길로328번길 8-13 106호
본도시락 오산세교점,경기도 오산시 문헌공로 9 (금암동) G플레이스 108호
본죽 여주가남점,경기도 여주시 가남읍 태평로 40
본죽 동탄영천점,경기도 화성시 동탄순환대로702번지 성산타워B102호
본 죽&비빔밥 파주산내마을점,경기도 파주시 책향기로 573 (목동동) 월드타워3 111호
본도시락 파주운정점,경기도 파주시 미래로 369-58 (동패동) 삼융프라자II 101호
본죽 안산성포동점,경기도 안산시 상록구 화랑로 514 (성포동) 119호
본도시락 동탄점,"경기도 화성시 메타폴리스로 47-7 (반송동, 서해더블루) 서해그랑블 110호"
본도시락 오산시청점,경기도 오산시 성호대로 130 (원동) 중앙시티월 118호
본죽 분당오리무지개점,경기도 성남시 분당구 구미로 60 (구미동)
본죽 구리토평점,경기도 구리시 장자대로 74 (수택동) 새롬프라자8차 110호
본 죽&비빔밥 의정부민락중앙점,경기도 의정부시 천보로 38 (민락동) 파스텔시티 116호
본죽 수원망포점,"경기도 수원시 영통구 영통로 136 (망포동, 센트럴타워) 118-1호"
본 죽&비빔밥 부천상동점,"경기도 부천시 상동로 84 (상동, 영플러스) 105, 106호"
본죽 여주점봉점,경기도 여주시 세종로 391 (점봉동) 1층
본죽 화성봉담점,경기도 화성시 봉담읍 동화길 91 웅신아트플라자 103호
본도시락 수원망포역점,경기도 수원시 영통구 영통로 169 (망포동) 1층
본죽 동탄한림대병원점,"경기도 화성시 삼성1로 150 (석우동, 석진 파아란 오피스텔) 114호"
본 죽&비빔밥 대화역점,"경기도 고양시 일산서구 강성로 247 (대화동, 명진프라자빌딩) 107호"
본죽 수원오목천점,경기도 수원시 권선구 오목천로 59 1층 102호(오목천동)
본도시락 용인동백점,경기도 용인시 기흥구 동백5로 23 (중동) 동백명진프라자 1층 101호
본죽 분당미금점,경기도 성남시 분당구 돌마로 79 (금곡동) 썬프라자 105호
본도시락 하남시청점,"경기도 하남시 하남대로 747,1층 151호 (신장동,하남두산위브파크)"
본도시락 일산원마운트점,경기도 고양시 일산서구 한류월드로 300 원마운트 1228호
본죽 산본제일병원점,경기도 군포시 산본로 394 대림프라자 1층 105호
본죽 일산탄현점,경기도 고양시 일산서구 일현로 56 (탄현동) 삼정프라자 110호
본도시락 한세대점,"경기도 군포시 고산로151번길 8 (당정동, 당정메디컬빌딩) 당정메디컬빌딩 106호"
본 죽&비빔밥 수원영통벽적골점,"경기도 수원시 영통구 덕영대로1555번길 16 (영통동, 벽적골롯데아파트) 벽적골롯데아파트상가 135호"
본 죽&비빔밥 분당야탑점,"경기도 성남시 분당구 야탑로69번길 8 (야탑동, 한주코아) 101호"
본도시락 시흥정왕점,"경기도 시흥시 중심상가로 161 (정왕동, 그라미아빌딩) 104호"
본 죽&비빔밥 시흥목감조남점,경기도 시흥시 목감남서로 9-27 (조남동) 키움프라자 112호
본죽 안산고잔이마트점,경기도 안산시 단원구 원포공원1로 35 단원프라자 107호
본 죽&비빔밥 안양덕천래미안점,"경기도 안양시 만안구 태평로60번길 42 (안양동, 센트럴타워2) 105호"
본죽 용인보라점,경기도 용인시 기흥구 사은로 116 현대프라자 106호
본도시락 김포풍무점,경기도 김포시 승가로 4 1층 (풍무동)
본죽 김포전원마을점,경기도 김포시 김포한강11로 133 (장기동) 중앙프라자 102호
본 죽&비빔밥 성남상대원점,경기도 성남시 중원구 희망로 336 (상대원동)
본죽 파주운정점,"경기도 파주시 미래로 622 (와동동, 대흥프라자) 108호"
본죽 의정부신곡점,"경기도 의정부시 발곡로 24,서울프라자 1층"
본도시락 김포장기점,"경기도 김포시 초당로16번길 102-3 (장기동, 조은타워투)"
본죽 군포당동점,경기도 군포시 고산로 256 금강프라자 102호
본죽 일산풍동점,"경기도 고양시 일산동구 숲속마을1로 76 (풍동, 힘찬프라자) 105호"
본죽 김포구래점,경기도 김포시 김포한강9로76번길 41 (구래동) 연세프라자 107호
본죽 부천송내역점,경기도 부천시 원미구 부일로205번길 54 (상동) 상동아크로텔 116호
본죽 시흥정왕1동점,경기도 시흥시 중심상가로 326 엘림빌딩 101호
본죽 안산사동점,"경기도 안산시 상록구 감골2로 43 (사동, 요진아파트요진중심상가)"
본죽 문산당동점,경기도 파주시 문산읍 방촌로 1719 센터프라자 105호
본 죽&비빔밥 광명소하지구점,경기도 광명시 금하로 464 (소하동) 메이저리치안 102호
본도시락 미금점,경기도 성남시 분당구 성남대로172번길 12 (금곡동) 현대아리온오피스텔 1층 4호
본 죽&비빔밥 미사점,"경기도 하남시 미사강변대로 216 (망월동, 한강트윈프라자2) 103호"
본도시락 시흥배곧점,"경기도 시흥시 서울대학로264번길 44-4 (정왕동, 에스프라자) 104호"
본도시락 안양평촌점,"경기도 안양시 동안구 시민대로327번길 6 (관양동, W에이스타워) 119호"
본 죽&비빔밥 용인역북점,경기도 용인시 처인구 명지로40번길 4 (역북동) 1층 103호
본 죽&비빔밥 동탄역점,경기도 화성시 동탄대로 489 (오산동) 동탄우성KTX타워 112호
본죽 양평용문점,경기도 양평군 용문면 용문로 377
본 죽&비빔밥 광교아브뉴프랑점,경기도 수원시 영통구 센트럴타운로 85 광교c1호반베르디움
본 죽&비빔밥 성남모란시장점,경기도 성남시 중원구 성남대로 1133 성남 메트로칸
본죽 산본사거리점,"경기도 군포시 금산로 109 (산본동, 산본두성프라자) 101호"
본죽 안양석수역점,"경기도 안양시 만안구 연현로 101 (석수동, 연현씨티빌) 연현시티빌 1층"
본죽 수원대점,경기도 화성시 봉담읍 와우로 90 토마토쇼핑상가
본죽 평택용죽점,경기 평택시 용죽3로 17 (용이동) 102호
본 죽&비빔밥 경기안중점,경기도 평택시 안중읍 안현로서6길 56
본설렁탕 시흥정왕점,"경기도 시흥시 정왕대로 184 (정왕동, 한성타운) 106~109호"
본도시락 안양인덕원점,경기도 의왕시 봇들2길 12 (포일동) 102호
본죽 의왕내손점,경기도 의왕시 계원대학로 14 계원프라자 102호
본죽 의정부망월사역점,경기도 의정부시 평화로 156 (호원동) 신일상가103호
본죽 수원호매실홈플러스점,경기도 수원시 권선구 금곡로 206 일반상업지역 4-1-1 1층 117호
본 죽&비빔밥 동백중앙점,경기도 용인시 기흥구 동백중앙로 269 벤포스타1층
본죽 일산웨스턴돔점,경기도 고양시 일산동구 정발산로 24 (장항동) 웨스턴돔 A동 111호
본죽 고양삼송점,경기도 고양시 덕양구 삼송로 88 (삼송동) 326오성프라자 104호
본죽 하남풍산점,경기도 하남시 덕풍동로 111-15 (덕풍동) 리치플러스 하남센터 112호
본 죽&비빔밥 일산라페스타점,경기도 고양시 일산동구 무궁화로 37 (장항동) 노블리제 제1층
본 죽&비빔밥 부천원종동점,경기도 부천시 소사로 742 (원종동)
본도시락 광명소하점,경기도 광명시 한내로13번길 6-5
본죽 용인수지점,경기도 용인시 수지구 풍덕천로 122
본죽 수원화서역점,경기도 수원시 팔달구 덕영대로 695 (화서동) 화서프라자 1층
본죽 군포당동2지구점,경기도 군포시 삼성로20번길 4-6
본죽 용인둔전점,경기도 용인시 처인구 포곡읍 포곡로 113 상일빌딩
본 죽&비빔밥 부천시청점,"경기도 부천시 길주로 219 (중동, 드림빌딩) 104호"
본죽 남양주진접롯데시네마점,경기도 남양주시 진접읍 해밀예당1로 30-9 폴리프라자 1층
본도시락 포천송우리점,"경기도 포천시 소흘읍 송우로 75 108,109호"
본죽 수원인계삼성래미안점,경기도 수원시 팔달구 권광로 270 형석빌딩(인계동 365)
본죽 안양호계사거리점,경기도 안양시 동안구 경수대로 547 (호계동) 1층959-19 1층
본 죽&비빔밥 안산중앙점,경기도 안산시 단원구 예술대학로 17(고잔동) 중앙노블레스 125호
본죽 안산선부점,경기도 안산시 단원구 선부광장1로 56 1층 111호
본죽 안양동편마을점,경기도 안양시 동안구 동편로 27번길 37
본도시락 수원권선점,경기도 수원시 권선구 세권로304번길 52 (권선동)
본죽 파주교하점,경기도 파주시 청석로 260 (동패동) 트리플메디컬타워 1층 106
본죽 남양주퇴계원점,경기도 남양주시 퇴계원면 퇴계원로 21
본도시락 과천점,경기도 과천시 새술막길 38 (중앙동) 중앙상가 제 1층 104호
본도시락 일산대화점,"경기도 고양시 일산서구 일산로 757 (대화동, 동남아트월드) 1층"
본죽 수원고색동점,경기도 수원시 권선구 매송고색로 697 (고색동)
본도시락 수원영통점,경기 수원시 영통구 반달로7번길 16 이플러스빌딩 1층 109호
본도시락 일산마두점,경기도 고양시 일산동구 중앙로 1130 올리브상가 B동 102호
본 죽&비빔밥 분당제생병원점,경기도 성남시 분당구 서현로180번길 13 (서현동) 서현프라자
본도시락 수원인계점,경기도 수원시 팔달구 권광로 211 동수원메디뷰
본도시락 안양범계점,경기도 안양시 동안구 시민대로131번길 9
본도시락 여주점,경기도 여주시 세종로 67
본도시락 송탄점,경기도 평택시 서정북로 133 (서정동)
본도시락 송내점,경기 부천시 부일로221번길 31
본도시락 김포사우점,경기도 김포시 사우중로 87
본죽 김포장기점,경기도 김포시 김포한강1로51번길 28 (장기동) 레드클로벌 1동 102호
본죽 광명사거리점,경기도 광명시 광명로 890 (광명동) 대명프라자 1층
본죽 부천약대점,경기도 부천시 원미구 중동로 383 (약대동)
본죽 성남시청점,경기도 성남시 수정구 수정로 208 (신흥동) 메드위즈빌딩 1층
본죽 고양행신역점,경기도 고양시 덕양구 충경로 38 (행신동) 진일프라자 115호
본죽 안성공도점,경기 안성시 공도읍 공도로 83 (만정리) 1층
본죽 수원원천점,경기도 수원시 영통구 중부대로448번길 96 (원천동) 108호
본죽 안양박달비발디점,경기도 안양시 만안구 박달로 431 (박달동) 청암빌딩 104호
본 죽&비빔밥 용인동아솔레시티점,경기도 용인시 기흥구 보정로 32 (보정동) 지젤스포츠클럽 1층
본죽 부천송내남부역점,경기도 부천시 소사구 송내대로 32 (송내동) 솔가람빌딩 1층
본죽 용인광교역점,경기도 용인시 수지구 광교마을로 54 (상현동)
본죽 수원영통점,경기도 수원시 영통구 매영로345번길 7 (영통동) 트리플렉스
본죽 분당효자촌점,경기도 성남시 분당구 돌마로 478 (서현동)
본죽 성남하대원점,경기도 성남시 중원구 둔촌대로 285 (하대원동)
본죽 분당서현점,경기도 성남시 분당구 분당로53번길 21 (서현동) 산호프라자 1층
본죽 수원곡반정동점,경기도 수원시 권선구 곡선로 38 (곡반정동)
본죽 시흥정왕4동점,"경기 시흥시 함송로 24 (정왕동, 세종프라자) 본죽 시흥정왕4동점"
본죽 마북연원마을점,"경기 용인시 기흥구 용구대로 2398 (마북동, 연원마을벽산아파트) 벽산아파트주상가 105-2호"
본죽 포천송우점,경기도 포천시 소흘읍 송우로 38
본죽 공도진사점,경기도 안성시 공도읍 진사길 16
본 죽&비빔밥 평촌점,경기도 안양시 동안구 관평로 170번길 33 104호
본 죽&비빔밥 수원매산점,경기도 수원시 팔달구 갓매산로 51 (매산로2가) 106호
본 죽&비빔밥 범계역점,경기도 안양시 동안구 시민대로 171 (비산동) 금강벤처텔 107호
본 죽&비빔밥 김포운양점,경기도 김포시 김포한강11로 288-27 한강프라자 112호
본 죽&비빔밥 향남점,"경기도 화성시 향남읍 발안로 112 104호 (행정리,삼성프라자)"
본죽 양평점,경기도 양평군 양평읍 시민로 15
본죽 병점역점,경기도 화성시 병점2로 12 (병점동) 103호
본죽 발안점,경기도 화성시 향남읍 삼천병마로 206 1층 2호
본죽 평택포승점,경기도 평택시 포승읍 여술로43번길 5
본죽 봉일천점,경기도 파주시 조리읍 봉천로 36-1
본죽 의정부녹양점,경기도 의정부시 비우로 89 (녹양동)
본죽 의정부백병원점,경기도 의정부시 금신로 323 (신곡동) 외 6필지 대영프라자
본죽 의정부가능역점,경기도 의정부시 평화로 629 (의정부동)
본죽 의정부회룡역점,"경기도 의정부시 평화로 374 (호원동, 한승아파트) 한승상가 106호"
본죽 의정부역점,경기도 의정부시 행복로 19 (의정부동) 5호
본죽 의정부용현점,경기도 의정부시 용민로 76 (용현동) 송산빌딩 102호
본죽 포일2지구점,"경기도 의왕시 포일세거리로 3 (포일동, 파레사타워) 104호 본죽"
본죽 의왕삼동점,경기도 의왕시 부곡시장길 8
본죽 의왕오전점,경기도 의왕시 오전로 216
본죽 수지성복점,경기도 용인시 수지구 성복2로 51 YK타운 데이파크 B동
본죽 용인동천점,"경기도 용인시 수지구 문인로54번길 2 (동천동, 수지하우비) 상가 113호"
본죽 죽전벽산타운점,경기도 용인시 수지구 용구대로2801번길 7
본죽 용인강남대점,경기도 용인시 기흥구 강남로 7 아트프라자 101
본죽 용인상갈점,경기도 용인시 기흥구 금화로 107 그린프라자 101호
본죽 구성언남점,경기도 용인시 기흥구 구성로 93 언남프라자 1층 121호
본죽 보정동단국대점,경기도 용인시 기흥구 죽전로 50
본죽 오산갈곶점,경기도 오산시 오산로 93
본죽 여주점,경기도 여주시 여흥로 111
본죽 양주덕정점,경기도 양주시 회정로 135 (덕정동) 우창프라자 1층 104호
본죽 안양박달점,경기도 안양시 만안구 박달로 529 (박달동)
본죽 안양석수점,"경기도 안양시 만안구 충훈로 81 (석수동, 석수아이파크) 1층"
본죽 부천역곡점,경기도 부천시 소사구 경인로 512 (괴안동)
본죽 동두천점,경기도 동두천시 지행로 52 (지행동) 송내프라자 1층 106호
본죽 동두천중앙로점,경기도 동두천시 중앙로 254 (생연동)
본죽 남양주평내점,경기도 남양주시 경춘로1256번길 20 번지
본죽 별내북부점,경기도 남양주시 별내3로 318 (별내동) 리츠프라자 101호
본죽 남양주장현점,경기도 남양주시 진접읍 장현로 64 (장현로 64)
본죽 남양주오남점,경기도 남양주시 오남읍 진건오남로 511
본죽 남양주청학리점,경기도 남양주시 별내면 청학로 78 청학스파빌 117호
본죽 김포고촌점,경기도 김포시 고촌읍 김포대로 334
본죽 김포풍무점,경기도 김포시 풍무로 102 (풍무동) 외 1필지 중석빌딩
본죽 김포사우점,경기도 김포시 사우동 934
본죽 한세대점,"경기도 군포시 고산로151번길 25 (당정동, 럭키빌딩) 102호"
본죽 군포금정역점,경기도 군포시 산본천로 222 세환타워 104호
본죽 구리인창아름마을점,경기도 구리시 동구릉로85번길 9 (인창동) 동원베네스트 상가동 109호
본죽 광명2동점,경기도 광명시 광명로 965 (광명동) 103호
본죽 광명소하점,경기도 광명시 오리로 381 (소하동) 1층
본죽 과천점,경기도 과천시 별양상가2로 29 (별양동) 105호
본죽 일산백석점,경기도 고양시 일산동구 중앙로 1055 (백석동) 성우레이크하임 101호
본죽 일산후곡점,경기도 고양시 일산서구 일산로 562 (일산동) 1층 113호
본죽 일산마두역점,경기도 고양시 일산동구 중앙로 1189 (장항동) 굿모닝법조타운2 101호
본죽 고양점,경기도 고양시 덕양구 혜음로 21 (고양동)
본죽 아주대점,경기도 수원시 영통구 중부대로 259 (원천동) 예스프라자 1층
본죽 수원영통황골점,경기도 수원시 영통구 봉영로 1767 (영통동) 한솔프라자 103호
본죽 수원매탄영통구청점,경기도 수원시 영통구 효원로 393 (매탄동) 밀레니엄프라자 1층
본죽 성남중원구청점,경기도 성남시 중원구 제일로 39 (성남동)
본죽 산성역점,경기도 성남시 수정구 수정로 340 (삼성동)
본죽 가천대역점,"경기도 성남시 수정구 태평로 3 (태평동, SM해그린)"
본죽 동판교점,경기도 성남시 분당구 판교로 374 (삼평동) 스타식스코아2 104호
본죽 안양샘병원점,경기도 안양시 만안구 현충로48번길 63 (안양동)
본죽 안양비산동점,경기도 안양시 동안구 관악대로 157 (비산동) 두성프라자 103호
본죽 안양관양동점,경기도 안양시 동안구 관평로 327 (관양동)
본죽 안산본오1동점,경기도 안산시 상록구 석호로 306
본죽 안산일동점,경기도 안산시 상록구 일동로 25-2
본죽 안산상록수역점,"경기도 안산시 상록구 본삼로 60 (본오동, 월드아파트) 본죽 안산상록수역점"
본죽 안산한대역점,경기도 안산시 상록구 광덕1로 375
본죽 안산월피동점,경기도 안산시 상록구 예술광장로 11 (월피동) 삼진빌딩 102호
본죽 안산신길지구점,경기도 안산시 단원구 신길로1길 10
본죽 안산원곡점,경기도 안산시 단원구 화랑로 123 한화꿈에그린아파트 단지상가 115호
본죽 안산초지점,경기도 안산시 단원구 광덕1로 61 신명프라자
본죽 고잔화승점,경기도 안산시 단원구 광덕3로 178 화승타운 116호
본죽 경기시흥점,경기도 시흥시 비둘기공원7길 39 트윈프라자
본죽 시흥월곶점,경기도 시흥시 월곶중앙로 63 (월곶동) 101호
본죽 수원교동점,경기도 수원시 팔달구 매산로 132 (교동)
본죽 수원화서위브하늘채점,경기도 수원시 팔달구 수성로244번길 25 화서위브하늘채 제202동 105호
본죽 수원화서블루밍점,"경기도 수원시 팔달구 화양로 34 (화서동, 신우상가아파트) 1층 110호"
본죽 수원남문점,경기도 수원시 팔달구 팔달문로 2 (팔달로3가) 1층
본죽 수원인계점,경기도 수원시 팔달구 인계로166번길 48-21 (인계동) 샤르망 109호
본죽 수원북문점,경기도 수원시 장안구 정조로 926 (영화동)
본죽 수원광교역점,경기도 수원시 영통구 대학로 48 (이의동) 광교에코푸르지오A동 104호
본죽 수원경희대점,경기도 수원시 영통구 덕영대로 1689 (영통동) 예주빌딩 1층
본죽 분당정자느티마을점,경기도 성남시 분당구 느티로 71 (정자동) 105호
본죽 분당정자역점,경기도 성남시 분당구 성남대로331번길 9-6 (정자동) 108호
본죽 분당수내점,경기도 성남시 분당구 내정로 172 (수내동) 상제리제빌딩 107호
본죽 부천대성병원점,경기도 부천시 원미구 부천로 85 (심곡동)
본죽 부천성모병원점,경기도 부천시 부일로571번길 49 (소사동) 2층
본죽 부천위브더스테이트점,경기도 부천시 원미구 신흥로 150 (중동) 두산위브더스테이트몰 701동 124호
본죽 안산선부한양점,경기도 안산시 단원구 선부로 185 대흥빌딩 101호
본 죽&비빔밥 평택지산점,경기도 평택시 지산3로 57 (지산동)
본죽 용인천리점,경기도 용인시 처인구 이동면 백옥대로 628
본죽 구리수택3동점,"경기도 구리시 이문안로 81 (수택동, 구리신성미소지움) 구리신성미소지움 상가 가동"
본죽 김포감정점,경기도 김포시 중봉로 4 (감정동) 1층 10호
본 죽&비빔밥 경기광주태전점,경기도 광주시 고불로 54 (중대동) 좌측 1번째
본 죽&비빔밥 오산세교점,"경기도 오산시 수청로 197 (금암동) 103호 (금암동,백현프라자)"
본죽 장호원점,경기도 이천시 장호원읍 장감로 60
본도시락 원주혁신도시점,강원도 원주시 반곡동 1880-7 102호
본도시락 원주혁신도시점,강원도 원주시 반곡동 1880-7 102호
본 죽&비빔밥 원주단계점,"강원도 원주시 천사로 12 (단계동, 성우프라자) 106호"
본도시락 속초점,강원도 속초시 동해대로 4169 (조양동) 건영빌딩 2층
본도시락 원주기업도시점,강원도 원주시 지정면 가곡리 1424-6 1층
본 죽&비빔밥 속초점,강원도 속초시 중앙로 89-1 (청학동) 1층
본 죽&비빔밥 인제점,강원도 인제군 인제읍 인제로 200 (상동리) 1층
본 죽&비빔밥 강릉입암점,강원도 강릉시 성덕로 316-11 (입암동) 103호
본 죽&비빔밥 원주문막점,강원도 원주시 문막읍 건등로 24 (건등리) 1층
본 죽&비빔밥 주문진점,"강원도 강릉시 주문진읍 항구로 40 (주문리, 강릉주문진풍림아이원하버뷰) 104호"
본설렁탕 춘천명동점,강원도 춘천시 아침길 3 (조양동) 1층
본 죽&비빔밥 춘천퇴계한숲점,"강원도 춘천시 안마산로 113 (퇴계동, e편한세상 춘천 한숲시티) 상가 B2-103호"
본도시락 춘천장학점,강원도 춘천시 동면 춘천순환로 613 (장학리) 1층
본도시락 춘천교대점,강원도 춘천시 공지로 121-1 (석사동) 1층
본 죽&비빔밥 원주기업도시점,강원도 원주시 지정면 신지정로 322 (가곡리) 104호
본 죽&비빔밥 원주법원점,강원 원주시 능라동길 70 (무실동) 104호
본 죽&비빔밥 원주태장점,강원 원주시 흥양로51번길 1 (태장동) 1층
본 죽&비빔밥 원주단관점,강원 원주시 단구로 371 (단구동) 1층
본도시락 원주무실점,강원 원주시 능라동길 51 (무실동) 시네시티타워빌딩 104호
본도시락 강릉교동점,강원도 강릉시 율곡초교길47번길 23 (교동)
본도시락 홍천점,강원도 홍천군 홍천읍 홍천로 372 (미진타워) 미진타워 103호
본 죽&비빔밥 삼척점,"강원도 삼척시 대학로 32-9 (남양동, 중앙빌딩) 105호"
본 죽&비빔밥 강릉아산병원점,강원도 강릉시 사천면 방동길 27
본도시락 춘천점,강원도 춘천시 춘천로151번길 2 (운교동)
본죽 횡성점,강원도 횡성군 횡성읍 문정로 22
본죽 강원평창점,강원도 평창군 평창읍 백오로 83
본죽 춘천온의점,강원도 춘천시 영서로 2313 (온의동)
본죽 춘천우두강변점,강원도 춘천시 충열로 14 (우두동)
본도시락 강릉중앙점,강원도 강릉시 강변로 296 (노암동)
본죽 강릉유천점,강원도 강릉시 선수촌로63번길 18-15 (홍제동) 101호
본죽 태백점,강원도 태백시 연지로 17 (황지동)
본죽 춘천후평점,강원도 춘천시 후석로 266 (후평동)
본 죽&비빔밥 강릉중앙점,강원도 강릉시 임영로 115 (성내동) 1층
본죽 원주무실점,강원도 원주시 시청로 96(무실동) 영신프라자 1층 109호
본죽 속초조양부영점,강원도 속초시 동해대로 4147 (조양동) A동 102호
본죽 원주우산점,강원도 원주시 우산로 50 1층(우산동)
본 죽&비빔밥 동해천곡점,강원도 동해시 한섬로 113-1 (천곡동) 1층
본 죽&비빔밥 원주점,강원도 원주시 원일로115번길 12 (일산동)
본도시락 동해시청점,"강원도 동해시 천곡1길 3 유공상가아파트 103호,104A호"
본죽 춘천한림대점,강원도 춘천시 삭주로 74 (교동)
본죽 홍천점,강원도 홍천군 홍천읍 번영로 39 나- 102호
본죽 강릉포남점,강원도 강릉시 하평길 28
본 죽&비빔밥 동해효가점,강원도 동해시 청운1길 52 (쇄운동) 104호
본죽 강릉교동점,강원도 강릉시 솔올로 51 (교동) 103호
본죽 양구점,강원도 양구군 양구읍 중앙길 15
본죽 춘천강대병원점,강원도 춘천시 백령로 152 (효자동) 2층
본죽 춘천석사에버빌점,강원도 춘천시 퇴계농공로 12 (석사동) 로열프라자 1층 103호
본죽 춘천명동점,강원도 춘천시 금강로 55-1 (조양동) 1층
본죽 철원점,강원도 철원군 동송읍 금학로 220-1
본죽 원주단구점,강원도 원주시 서원대로 406
본 죽&비빔밥 원주혁신점,강원도 원주시 혁신로 37-3 (반곡동) 스타타워
본 죽&비빔밥 청주율량2지구점,충청북도 청주시 청원구 율량로 118 (주성동) 1층
본 죽&비빔밥 청주강서점,충청북도 청주시 흥덕구 서현북로 66 (가경동) 103호
본 죽&비빔밥 서충주점,충청북도 충주시 중앙탑면 원앙길 8-14 (용전리) 101호
본 죽&비빔밥 음성혁신두성점,충청북도 음성군 맹동면 대하로 242 (두성리) 나동 102호
본 죽&비빔밥 청주방서점,충청북도 청주시 상당구 2순환로2031번길 12-6 (방서동) 1층
본 죽&비빔밥 강내점,충청북도 청주시 흥덕구 강내면 태성탑연로 452 (탑연리) 1층
본도시락 충북영동점,"충청북도 영동군 영동읍 중앙로 53 (계산리, 상가) 1층"
본도시락 제천점,충청북도 제천시 독순로11길 23 (의림동) 1층
본 죽&비빔밥 증평점,충청북도 증평군 증평읍 중앙로 194-9 (중동리) 1층
본도시락 오송점,충청북도 청주시 흥덕구 오송읍 오송생명로 186 (연제리) 오송프라자 113호
본 죽&비빔밥 청주운천신봉점,"충청북도 청주시 흥덕구 사운로 254 (운천동, 손범수내과소아과의원) 1층"
본 죽&비빔밥 제천점,충청북도 제천시 의림대로 102-2 (중앙로1가) 1층
본 죽&비빔밥 단양점,"충청북도 단양군 단양읍 삼봉로 299 (별곡리, 하나로약국) 1층"
본 죽&비빔밥 청주율량점,충청북도 청주시 청원구 율봉로 197 (율량동) 1층
본 죽&비빔밥 충북오송점,충청북도 청주시 흥덕구 오송읍 오송생명로 186 (연제리) 오송프라자 1층 105호
본 죽&비빔밥 청주사천점,충청북도 청주시 청원구 율봉로 106 (율량동) 1층 103호
본도시락 청주직지스타점,"충청북도 청주시 흥덕구 직지대로436번길 76 (송정동, 직지스마트타워) 102호"
본 죽&비빔밥 충주터미널점,"충청북도 충주시 봉계1길 60 (칠금동, 대영빌딩) 1층"
본 죽&비빔밥 청주오창2지구점,충청북도 청주시 청원구 오창읍 2산단로 138 (주성리) 101호
본 죽&비빔밥 청주성안길점,충북 청주시 상당구 상당로 77-4 (북문로1가) 102호
본 죽&비빔밥 충북영동점,충청북도 영동군 영동읍 영산로 5 (상가) 1층
본도시락 청주대점,충청북도 청주시 청원구 상당로 275 (내덕동) 1층
본죽 괴산점,충청북도 괴산군 괴산읍 읍내로 293
본도시락 오창중앙점,충청북도 청주시 청원구 오창읍 중심상업로 47 (리치아노오피스텔) 1동 106호
본 죽&비빔밥 제천명지병원점,"충청북도 제천시 내토로 991 (고암동, 의료법인명지의료재단명지병원) 101호"
본도시락 충북대점,충청북도 청주시 서원구 1순환로 700 (사창동) 1층
본도시락 충주호암점,충북 충주시 예성로 155 (성서동)
본 죽&비빔밥 청주동남점,충청북도 청주시 상당구 중고개로 115 (용암동)
본죽 청주산남법원점,"충청북도 청주시 서원구 산남로 64 (산남동, 엔젤변호사빌딩) 엔젤변호사빌딩 108호"
본 죽&비빔밥 음성금왕점,충청북도 음성군 금왕읍 무극로 338 102호
본 죽&비빔밥 청주옥산점,"충청북도 청주시 흥덕구 옥산면 오송가락로 1049 101,102호(일부)"
본 죽&비빔밥 충주호암점,충청북도 충주시 호암수청2로 29 (호암동)
본 죽&비빔밥 청주테크노폴리스점,충청북도 청주시 흥덕구 송화로150번길 21 (송절동)
본도시락 충북혁신도시점,충청북도 음성군 맹동면 동성리 501 117호
본죽 청주가경점,충청북도 청주시 흥덕구 가경로 148
본죽 청대우암점,충청북도 청주시 청원구 상당로 249 일진캠퍼스타워 102호
본죽 청주성화점,충청북도 청주시 서원구 신화로 38 (성화동)
본죽 청주수곡점,충청북도 청주시 서원구 수곡로 41 (수곡동)
본죽 청주지웰시티점,"충청북도 청주시 흥덕구 진재로103번길 37 (복대동, 신영지웰홈스아파트) A동 102호"
본죽 충북음성점,충청북도 음성군 음성읍 수정로 43
본도시락 청주산남점,충청북도 청주시 서원구 두꺼비로70번길 67 (산남동) 103호
본죽 제천청전점,"충청북도 제천시 청전대로 177 1층110호(청전동,덕일아파트상가)"
본죽 청주사창점,충청북도 청주시 서원구 사직대로 125 (사창동)
본죽 충주용산점,충청북도 충주시 남산로 107 훼미리마트
본도시락 청주강서점,충청북도 청주시 흥덕구 강서로 118 (강서동) 장한빌딩 109호
본죽 광혜원점,충청북도 진천군 광혜원면 장기길 95-1
본죽 청주개신점,충청북도 청주시 서원구 복대로 27 (개신동) 캐슬타워 106호
본죽 청주하복대점,충청북도 청주시 흥덕구 증안로 28-1
본도시락 충주터미널점,충청북도 충주시 봉계1길 32 (봉방동) 석담빌딩 101호
본죽 옥천점,충청북도 옥천군 옥천읍 중앙로 42
본 죽&비빔밥 충주계룡힐스점,충청북도 충주시 연수동 연수동산로3길 20 대명프라자 1층 107호
본죽 충북보은점,충청북도 보은군 보은읍 보은로 110-1
본죽 충북오창점,충청북도 청주시 청원구 오창읍 중심상업로 7 오창프라자 1층 115호
본죽 공단오거리점,충청북도 청주시 흥덕구 사직대로 12 (복대동)
본죽 청주모충동점,"충청북도 청주시 서원구 1순환로 771 (개신동, 개신빌딩)"
본죽 청주분평점,충청북도 청주시 서원구 청남로 1992 (분평동) 민정빌딩 1층
본죽 청주봉명점,충청북도 청주시 흥덕구 백봉로223번길 2 (봉명동) 번지 101-1호
본죽 청주금천광장점,충청북도 청주시 상당구 산성로 98번길 35 스타피아빌딩 104호
본죽 청주용암LG마트점,충청북도 청주시 상당구 중흥로 181 (용암동) 1층 103호
본죽 청주용암현대점,충청북도 청주시 상당구 월평로184번길 150 (용암동)
본죽 진천점,충청북도 진천군 진천읍 상산로 81 (읍내리)
본죽 제천하소점,충청북도 제천시 하소로 42 (하소동)
본 죽&비빔밥 보령동대점,충청남도 보령시 한내로터리길 85 (동대동) 102호
본 죽&비빔밥 아산음봉점,충청남도 아산시 음봉면 음봉로 515-46 (월랑리) 1층 102호
본 죽&비빔밥 서천장항점,"충청남도 서천군 장항읍 장항로 168 (창선1리, 북경한의원) 1층"
본 죽&비빔밥 보령대천점,충청남도 보령시 대천로 11 (대천동) 1층
본 죽&비빔밥 아산이수병원점,충청남도 아산시 배방읍 고속철대로 61 (장재리) B1층
본 죽&비빔밥 당진터미널점,"충청남도 당진시 밤절로 168 (수청동, 로뎀타워) 113호"
본 죽&비빔밥 계룡대점,충청남도 계룡시 엄사면 엄사중앙로 105-1 (엄사리) 1층
본 죽&비빔밥 천안쌍용이마트점,"충청남도 천안시 서북구 충무로 205 (쌍용동, 다선빌딩) 1층"
본도시락 충남계룡점,충청남도 계룡시 엄사면 번영로 95 (엄사리) 1층
본 죽&비빔밥 천안터미널점,"충청남도 천안시 동남구 만남로 11 (신부동, 두아빌딩) 1층"
본도시락 서산테크노밸리점,충청남도 서산시 성연면 성연2로 44 (오사리) 테라스S 105호
본 죽&비빔밥 천안직산점,충청남도 천안시 서북구 성거읍 봉주로 97 (신월리) 104호
본 죽&비빔밥 온양온천역점,"충청남도 아산시 온천대로 1490 (온천동, 허브치과의원) 1층"
본 죽&비빔밥 아산테크노밸리점,충청남도 아산시 둔포면 아산밸리중앙로 85 (석곡리) 104호
본 죽&비빔밥 천안두정역점,충청남도 천안시 서북구 봉정로 380 (두정동) 1층
본 죽&비빔밥 서산해미점,충청남도 서산시 해미면 해운로 13 (읍내리) 1층
본 죽&비빔밥 서산테크노밸리점,"충청남도 서산시 성연면 성연3로 36 (왕정리, 이안아파트) 207호"
본 죽&비빔밥 논산내동점,충청남도 논산시 대학로 87 (내동) 109호
본도시락 충남예산점,충남 예산군 예산읍 역전로 145-3 (산성리) 1층
본도시락 천안두정점,충남 천안시 서북구 두정동 1524 105호
본 죽&비빔밥 당진수청점,충남 당진시 시청2로 49-19 (수청동) 116호
본도시락 천안불당점,충남 천안시 서북구 불당30길 46 (불당동) 1층 103호
본 죽&비빔밥 충남도청점,"충남 홍성군 홍북읍 청사로174번길 2 (신경리, 한승갤러리) 101호"
본 죽&비빔밥 홍성점,충청남도 홍성군 홍성읍 조양로 140
본 죽&비빔밥 천안백석푸르지오점,충청남도 천안시 서북구 한들3로 84 (백석동) 105호
본죽 서산읍내동점,충청남도 서산시 부춘1로 36 (읍내동)
본 죽&비빔밥 천안펜타포트점,"충청남도 천안시 서북구 공원로 195 (불당동, 펜타포트) 펜타포스 상가 지하1층"
본도시락 아산탕정점,충청남도 아산시 탕정면 탕정면로8번길 89
본 죽&비빔밥 천안성거점,충청남도 천안시 서북구 성거읍 성거길 85 (소리샘음악학원) 101호
본설렁탕 천안불당점,충청남도 천안시 서북구 불당33길 46 (불당동) 105호
본 죽&비빔밥 천안성성점,충청남도 천안시 서북구 성성8로 14-10 (성성동) 104호
본 죽&비빔밥 예산터미널점,충청남도 예산군 예산읍 역전로 154 101호
본죽 아산배방점,충청남도 아산시 배방읍 모산로 145 (공수리)
본도시락 천안청당점,충청남도 천안시 동남구 청수5로 3 (청당동) 랜드마크원빌딩 101호
본 죽&비빔밥 서산터미널점,"충청남도 서산시 안견로 190 (동문동, 서산공용버스터미널)"
본도시락 천안성정점,충청남도 천안시 서북구 성정4길 25 (성정동) 1층
본 죽&비빔밥 천안신불당북부점,충청남도 천안시 서북구 불당25로 192 (불당동) 골든프라자2 116호
본도시락 서산점,충청남도 서산시 시장2로 35 (동문동)
본도시락 아산온양온천점,충청남도 아산시 청운로 70 (온천동) 1층
본죽 아산탕정점,충청남도 아산시 탕정면 탕정면로 37 탕정삼성트라팰리스상가 1층
본죽 계룡금암점,충청남도 계룡시 장안로 64 (금암동)
본 죽&비빔밥 내포첫마을점,"충청남도 홍성군 홍북면 청사로48번길 4 아이프라자(105호, 106호)"
본죽 당진점,충청남도 당진시 계성3길 35
본죽 홍성법원점,충청남도 홍성군 홍성읍 법원로 41 홍성법조타운 101호
본죽 천안신방동점,충청남도 천안시 동남구 수곡2길 4 (신방동) 4호
본도시락 아산배방점,충청남도 아산시 배방읍 북수로 128 1동1층
본죽 예산군청점,충청남도 예산군 예산읍 예산로 197 KS빌딩 1층
본죽 천안쌍용점,충청남도 천안시 서북구 월봉로 83 (쌍용동)
본 죽&비빔밥 아산모종점,충청남도 아산시 모종남로12번길 11 (모종동) 103호
본도시락 충남보령점,충청남도 보령시 주공로 8 (명천동) 3호
본죽 충남서천점,충청남도 서천군 서천읍 서천로 124
본죽 천안두정점,충청남도 천안시 서북구 성정중4길 3 (성정동) 본죽
본 죽&비빔밥 충남태안점,충청남도 태안군 태안읍 중앙로 165
본죽 공주중동점,충청남도 공주시 무령로 225번지 2층
본죽 아산연화마을점,"충청남도 아산시 배방읍 용연로 89, 1층"
본도시락 논산내동점,충청남도 논산시 시민로132번길 40-11
본 죽&비빔밥 충남보령점,충청남도 보령시 주공로 8 (명천동)
본도시락 충남당진점,충청남도 당진시 북문길 11 (읍내동) 101호
본 죽&비빔밥 천안청당점,충청남도 천안시 동남구 청수4로 10 (청당동) 107호
본죽 천안성환점,충청남도 천안시 서북구 성환읍 성환2로 105
본 죽&비빔밥 천안신불당남부점,충청남도 천안시 서북구 불당33길 24 (불당동) 리앤시티 106호
본죽 천안차암동점,충청남도 천안시 서북구 3공단6로 50 힐링제이타워 103호
본죽 논산점,충청남도 논산시 중앙로 473 (반월동)
본죽 공주신관동점,충청남도 공주시 번영1로 68 (신관동)
본죽 천안순천향병원점,충청남도 천안시 동남구 순천향3길 41 (봉명동)
본도시락 홍성내포신도시점,충청남도 홍성군 홍북면 상하천로 31 내포아르페온1차 1층 122호
본도시락 천안안서점,"충청남도 천안시 동남구 중암1길 8 (안서동, 삼보홈타운)"
본죽 아산용화점,충청남도 아산시 온중로 57 (용화동)
본도시락 공주중동점,충청남도 공주시 무령로 222 (중동)
본죽 금산점,충청남도 금산군 금산읍 비범로 4
본죽 천안백석점,충청남도 천안시 서북구 백석4길 4(백석동) 웰빙라이프 106호
본죽 천안신방통정점,충청남도 천안시 동남구 통정9로 43-8 (신방동) 103호
본죽 천안쌍용1동점,충청남도 천안시 서북구 봉명로 25 (쌍용동) 용상빌딩 1층
본죽 천안불당점,충청남도 천안시 서북구 불당3길 33 (불당동) 불당타운 102호
본죽 아산터미널점,충청남도 아산시 번영로 228 (모종동)
본죽 서산예천점,충청남도 서산시 호수공원6로 53 (예천동)
본죽 부여점,충청남도 부여군 부여읍 성왕로 211
본죽 논산연무점,충청남도 논산시 연무읍 연무로 181 외 1번지
본죽 논산취암점,충청남도 논산시 중앙로 268 (취암동) 참사랑 상가 102호
본죽 당진기지시리점,충청남도 당진시 송악읍 반촌로 94
본도시락 천안신부점,충청남도 천안시 동남구 만남로 72 삼부르네상스오피스텔 101호
본설렁탕 전주평화점,전라북도 전주시 완산구 모악로 4753 (평화동1가) 1층
본 죽&비빔밥 전주중화산점,"전라북도 전주시 완산구 백제대로 230 (중화산동2가, 훼미리마트)"
본설렁탕 전주금암점,전라북도 전주시 덕진구 전주천동로 492 (금암동) 1층
본 죽&비빔밥 전주평화현대점,전라북도 전주시 완산구 모악로 4692 (평화동2가) 1층
본도시락 군산수송점,전라북도 군산시 월명로 215 (수송동) 1층
본도시락 전주혁신도시점,전라북도 완주군 이서면 기지로 50 (갈산리) 104호
본 죽&비빔밥 익산중앙점,"전라북도 익산시 익산대로 160 (중앙동1가, 대동의원) 1층"
본 죽&비빔밥 익산함열점,"전라북도 익산시 함열읍 함열중앙로 14 (와리, 느티나무한의원) 1층"
본 죽&비빔밥 전주서곡점,전라북도 전주시 완산구 세내로 546 (효자동3가) 1층
본도시락 전북정읍점,전라북도 정읍시 중앙로 50 (연지동) 1층
본죽 익산배산점,전라북도 익산시 선화로1길 8 (모현동1가) 102-2호
본 죽&비빔밥 전주아중점,"전라북도 전주시 덕진구 무삼지로 80 (인후동1가, 이태관내과) 1층"
본 죽&비빔밥 익산모현점,"전라북도 익산시 고현로 100 (모현동1가, 보디가드모현점) 1층"
본 죽&비빔밥 익산부송점,전라북도 익산시 무왕로 1192-1 (부송동) 학산빌딩 1층
본도시락 전북김제점,전북 김제시 검산택지5길 21-16 (검산동) 1층
본도시락 전북남원점,전북 남원시 남문로 423 1층 본도시락
본 죽&비빔밥 군산대명점,"전북 군산시 대명4길 9 (금암동, 레비뉴스테이) 상가동 113호"
본도시락 전북완주점,전북 완주군 봉동읍 둔산3로 87 (둔산리) 1층
본 죽&비빔밥 익산영등제일점,"전라북도 익산시 고봉로30길 13 (영등동, 제일아파트) 제일A상가 110동 105호"
본도시락 전북대점,전라북도 전주시 덕진구 조경단로 83 (금암동) 1층
본 죽&비빔밥 전주효천점,전라북도 전주시 완산구 효천중앙로 55 (효자동2가) 106호
본죽 전주안골점,전라북도 전주시 덕진구 안덕원로 263 (인후동1가)
본 죽&비빔밥 전주객사점,전라북도 전주시 완산구 충경로 40 (중앙동2가) 1층
본죽 전북정읍점,"전라북도 정읍시 중앙로 104 (연지동, 마담라이센스)"
본도시락 익산원광대점,전라북도 익산시 무왕로 932-1 (신동) 1층
본도시락 전주서신점,전라북도 전주시 완산구 온고을로 26 (서신동) 트윈폴라스 104호
본 죽&비빔밥 전주솔내점,전라북도 전주시 덕진구 시천로 48 (송천동1가)
본 죽&비빔밥 남원도통점,전라북도 남원시 오들1길 17 (도통동)
본 죽&비빔밥 전주삼천흥건점,"전라북도 전주시 완산구 거마평로 33 (삼천동1가, 흥건2차아파트상가)"
본 죽&비빔밥 전주하가점,"전라북도 전주시 덕진구 가련산로 6 (덕진동2가, 예담빌딩) 1층"
본 죽&비빔밥 정읍상동점,전라북도 정읍시 충정로 59 (상동) 102호
본죽 전주효자문학점,"전라북도 전주시 완산구 문학대4길 32-4 (효자동3가, 정원빌) 102호"
본 죽&비빔밥 전주에코시티점,전라북도 전주시 덕진구 세병2길 21 (송천동2가) 101동 104호
본죽 전주서신풍년점,"전라북도 전주시 완산구 온고을로 119 (서신동, 신일아파트) 본죽 전주서신풍년점"
본죽 군산소룡점,"전라북도 군산시 공단대로 563 (소룡동, 올마트) 1층 106호"
본 죽&비빔밥 전주예수병원점,"전라북도 전주시 완산구 서원로 365 (중화산동1가, 예수병원) 지하1층 상가"
본 죽&비빔밥 전주혁신도시점,전라북도 완주군 이서면 기지로 51
본 죽&비빔밥 전주만성점,전라북도 전주시 덕진구 만성중앙로 45 (만성동) 센타프라자 107호
본 죽&비빔밥 군산나운점,"전라북도 군산시 하나운로 76 (나운동, 군산통증의학과의원) 1층"
본 죽&비빔밥 전주대자인병원점,전라북도 전주시 덕진구 견훤로 379 (인후동2가)
본도시락 전주평화점,"전라북도 전주시 완산구 모악로 4749 (평화동1가, 송강부동산)"
본설렁탕 전주혁신점,전라북도 완주군 이서면 오공로 11-23 대성타워 1층 101호
본죽 익산원광대병원점,전라북도 익산시 무왕로 898 (신동)
본 죽&비빔밥 전주고려병원점,전라북도 전주시 덕진구 안덕원로 373 (산정동)
본도시락 전주송천에코시티점,"전라북도 전주시 덕진구 천마산로 100 (송천동1가, 진흥더블파크아파트) 진흥더블파크 101동 상가 105호"
본 죽&비빔밥 군산디오션점,전라북도 군산시 궁포3로 5 (조촌동) 103호
본 죽&비빔밥 전주롯데점,전라북도 전주시 완산구 온고을로 30-18 (서신동) 한율빌딩 1층
본 죽&비빔밥 전주서신점,"전라북도 전주시 완산구 서신로 11 (서신동, 진하빌딩)"
본죽 전주송천점,전라북도 전주시 덕진구 송천중앙로 160 (송천동1가)
본 죽&비빔밥 전북대점,전라북도 전주시 덕진구 권삼득로 333 원플러스 103호
본 죽&비빔밥 군산미장지구점,전라북도 군산시 수송로 289 (미장동) 정원빌딩 101호
본죽 전주평화동점,전라북도 전주시 완산구 장승배기로 194 (평화동1가) 1이 709-1
본 죽&비빔밥 군산수송점,전라북도 군산시 월명로 245 (수송동) 1층
본죽 전북남원점,전라북도 남원시 남문로 423 (하정동)
본죽 전주삼천점,전라북도 전주시 완산구 용리로 136 (삼천동1가) 1이 621-6번지
본죽 전주덕진구청점,전라북도 전주시 덕진구 태진로 108 (진북동)
본 죽&비빔밥 익산영등점,전라북도 익산시 무왕로9길 7 (영등동) 1층
본죽 군산중앙점,"전라북도 군산시 중앙로 146-1 (중앙로1가, 본죽)"
본 죽&비빔밥 익산동산이마트점,전라북도 익산시 서동로 31 301동 101-1호
본도시락 전주전북도청점,전북 전주시 완산구 홍산남로 11-24 103호
본죽 전북삼례점,전라북도 완주군 삼례읍 삼봉로 15
본 죽&비빔밥 동군산병원점,전라북도 군산시 조촌로 149 동군산병원
본죽 전주효자휴먼시아점,"전라북도 전주시 완산구 호암로 91 , 1층101호(효자동2가)"
본죽 전주시청점,전라북도 전주시 완산구 노송광장로 63 (서노송동)
본죽 전북부안점,전라북도 부안군 부안읍 번영로 111
본죽 전북고창점,전라북도 고창군 고창읍 중앙로 188 1층
본 죽&비빔밥 전주전북도청점,전라북도 전주시 완산구 홍산남로 45
본 죽&비빔밥 군산지곡점,전라북도 군산시 백토로 231
본 죽&비빔밥 군산대학교점,"전라북도 군산시 황룡로 16 (미룡동, 토파즈빌딩) 105호 본죽&비빔밥 군산대학교점"
본죽 전주효자점,전라북도 전주시 완산구 거마평로 152 (효자동1가)
본죽 전주효자서부시장점,전라북도 전주시 완산구 용머리로 157 (효자동1가)
본죽 익산북부시장점,전라북도 익산시 인북로 276 (남중동)
본죽 전북순창점,전라북도 순창군 순창읍 장류로 356-1
본죽 전주호성점,전라북도 전주시 덕진구 소리로 192 (호성동1가) 1이 794-8번지
본죽 전주동산점,전라북도 전주시 덕진구 쪽구름로 75 (반월동)
본죽 전주금암점,전라북도 전주시 덕진구 백제대로 649 (금암동)
본죽 전북봉동점,전라북도 완주군 봉동읍 둔산3로 79
본죽 전북김제점,전라북도 김제시 동서로 241 (요촌동)
본도시락 순천중앙점,"전라남도 순천시 연자로 10 (남내동, 성금당) 1층"
본 죽&비빔밥 순천오천점,"전라남도 순천시 오천6길 24 (오천동, G-Place 오) 113호"
본설렁탕 목포하당점,전라남도 목포시 비파로43번길 31-1 (상동) 104호
본설렁탕 여수여천점,전라남도 여수시 시청로 34 (학동) 제1층 제 101호
본 죽&비빔밥 전남장성점,전라남도 장성군 장성읍 영천로 165-1 (영천리) 1층
본 죽&비빔밥 순천조례왕지점,"전라남도 순천시 왕궁길 10 (조례동, 동죽) 1층"
본 죽&비빔밥 목포하당점,전라남도 목포시 백년대로 330 (상동) 1층
본도시락 전남화순점,"전라남도 화순군 화순읍 자치샘로 48 (향청리, 미래타워) 1층"
본설렁탕 순천신대점,전라남도 순천시 해룡면 신대1길 4-21 (신대리) 에이치탑주차빌딩 제1층 제115호
본 죽&비빔밥 여수미평점,전라남도 여수시 둔덕2길 6-4 (미평동) 1층
본 죽&비빔밥 순천병원점,"전라남도 순천시 조례1길 5 (조례동, 경희미용실) 1층"
본 죽&비빔밥 목포용해점,"전라남도 목포시 용해지구로 9 (용해동, 유앤아이치과) 101호"
본도시락 전남광양읍점,전라남도 광양시 광양읍 서평로 72 (칠성리) 1층
본 죽&비빔밥 여수소호점,전라남도 여수시 소호로 471-1 (소호동) 1층
본 죽&비빔밥 목포북항점,전남 목포시 청호로 183 (산정동) 101호
본 죽&비빔밥 순천용당점,전남 순천시 용당삼산로 11 (용당동) 1층
본 죽&비빔밥 영암삼호점,전라남도 영암군 삼호읍 대불주거5로 6
본 죽&비빔밥 여수웅천점,전라남도 여수시 웅천로 19-9 (웅천동) 101호
본도시락 순천조례점,전라남도 순천시 비봉길 84 (조례동) 101호
본죽 전남구례점,전라남도 구례군 구례읍 로터리길 24-1
본 죽&비빔밥 순천연향점,"전라남도 순천시 연향번영길 122 (연향동, 휴대폰종합할인매장)"
본 죽&비빔밥 전남곡성점,전라남도 곡성군 곡성읍 읍내8길 11-1
본 죽&비빔밥 전남화순점,전라남도 화순군 화순읍 광덕로 183 (대방마트)
본 죽&비빔밥 영광점,전라남도 영광군 영광읍 물무로 105
본 죽&비빔밥 여수한국병원점,전라남도 여수시 여천체육공원길 10 (신기동)
본 죽&비빔밥 여수중앙점,전라남도 여수시 좌수영로 39 (광무동) 2층
본 죽&비빔밥 여수죽림점,전라남도 여수시 소라면 죽림로 5
본 죽&비빔밥 나주혁신호수공원점,"전라남도 나주시 그린로 339 (빛가람동) 101, 102호"
본 죽&비빔밥 순천중앙점,"전라남도 순천시 중앙로 73 (저전동, SK텔레콤,본죽)"
본설렁탕 목포남악점,전라남도 무안군 삼향읍 남악3로 71 (더트리폴리앙아파트) 상가동 116호
본도시락 전남광양점,전라남도 광양시 광장로 137
본도시락 목포하당점,전라남도 목포시 교육로41번길 3 (상동)
본죽 여수국동점,전라남도 여수시 신월로 668 (국동) 1층
본 죽&비빔밥 나주혁신한전점,전라남도 나주시 전력로 2 이화프라자 1층 101호
본죽 여수여서점,전라남도 여수시 여서1로 13 (여서동)
본 죽&비빔밥 순천신대점,전라남도 순천시 해룡면 신대3길 2 102호
본 죽&비빔밥 전남강진점,전라남도 강진군 강진읍 영랑로 18-2
본죽 나주점,전라남도 나주시 중앙로 52 (성북동)
본도시락 나주혁신도시점,"전라남도 나주시 상야3길 8 (빛가람동, 중흥s클래스메가티움2차) 104호"
본죽 전남보성점,전라남도 보성군 보성읍 중앙로 97
본죽 전남담양점,전라남도 담양군 담양읍 죽향대로 1195
본죽 여천신동아점,전라남도 여수시 무선로 53 (선원동)
본도시락 목포남악점,전라남도 무안군 삼향읍 남악5로22번길 23
본도시락 여수여천점,전라남도 여수시 쌍봉로 46
본죽 광양중동점,전라남도 광양시 길호1길 1 (중동)
본죽 순천금당점,전라남도 순천시 해룡면 장선배기길 272 (부영6차아파트) 1층 5호
본죽 전남진도점,전라남도 진도군 진도읍 남문길 39 층
본죽 광양마동점,전라남도 광양시 진등5길 14 (마동)
본죽 광양읍점,전라남도 광양시 광양읍 신재로 27 (인동리)
본죽 전남해남점,전라남도 해남군 해남읍 홍교로 43-1 (동의건강원)
본 죽&비빔밥 목포남악점,전라남도 무안군 삼향읍 남악2로 74번길 37 자일빌딩 103호
본도시락 구미산동점,경상북도 구미시 산동읍 신당2로 47 (신당리) 아이엔씨 타워1층 101호
본도시락 경북영주점,"경상북도 영주시 대학로 324 (가흥동, 영주가흥더리브스위트엠) A-3호"
본 죽&비빔밥 구미순천향병원점,"경상북도 구미시 1공단로 182 (공단동, 금오빌딩) 104호"
본 죽&비빔밥 경북영덕점,경상북도 영덕군 영덕읍 덕곡길 115 (남석리)
본 죽&비빔밥 포항대이점,경상북도 포항시 남구 대이로 97 (대잠동) 1층
본 죽&비빔밥 포항연일점,경상북도 포항시 남구 연일읍 연일로159번길 12 (생지리)
본 죽&비빔밥 경산진량점,경상북도 경산시 진량읍 공단로 503 (신상리) 1층
본 죽&비빔밥 구미도량봉곡점,경상북도 구미시 야은로 269 (봉곡동) 1층
본 죽&비빔밥 구미선산점,경상북도 구미시 선산읍 남문로 30-1 (동부리)
본 죽&비빔밥 포항법원점,경상북도 포항시 북구 법원로 152 (양덕동) 대왕프라자 105호
본 죽&비빔밥 구미신평비산점,"경상북도 구미시 신비로 95 (공단동, 강변파라디아) 1층 106호"
본 죽&비빔밥 문경시청점,"경상북도 문경시 매봉4길 29 (모전동, 모전주공아파트) 105호"
본 죽&비빔밥 경산정평점,경상북도 경산시 대학로 52 (정평동) 우방펜션 112동 5호
본 죽&비빔밥 영천동부점,경상북도 영천시 동부로 43 (야사동) 1층
본도시락 경산하양점,경북 경산시 하양읍 금락리 4-59 1층
본 죽&비빔밥 안동병원점,"경북 안동시 앙실로 25 (수상동, 안동 코오롱하늘채) 104동 106호"
본죽 포항지곡점,경상북도 포항시 남구 지곡로 257 (지곡동) 101동 1층 114-1호
본도시락 경북상주점,경상북도 상주시 중앙로 177 (서문동) 1층
본 죽&비빔밥 포항초곡점,경상북도 포항시 북구 흥해읍 초곡지구로58번길 38-3
본 죽&비빔밥 상주점,경상북도 상주시 상산로 246 (남성동)
본도시락 경주중앙점,경상북도 경주시 태종로791번길 18 (황오동)
본도시락 경산중앙점,경상북도 경산시 경안로33길 2 (중방동) 1층
본죽 영주역점,경상북도 영주시 선비로 72 (휴천동)
본도시락 경북도청점,경상북도 안동시 풍천면 풍요5길 30-9 청우프라자 104호
본도시락 경산영남대점,경상북도 경산시 압량면 화랑로 304
본 죽&비빔밥 구미산동점,경상북도 구미시 산동면 신당1로1길 17-10 103호
본도시락 구미인동점,경상북도 구미시 인동북길 7 (인의동) 1층
본 죽&비빔밥 영주가흥점,경상북도 영주시 대학로 226 (가흥동)
본 죽&비빔밥 대구대학교점,경상북도 경산시 진량읍 대구대로 244 1층
본도시락 포항대이점,경상북도 포항시 남구 대이로111번길 5 (대잠동) 씨앤씨빌딩 102호
본 죽&비빔밥 경산중산점,경상북도 경산시 펜타힐즈2로 59 (중산동) 중산S테라스 1층 105호
본죽 경주용황점,"경상북도 경주시 용황로7길 8 (용강동, 협성휴포레1차) 406호"
본 죽&비빔밥 경북도청점,경상북도 안동시 풍천면 수호로 65 1층 2호
본죽 울진점,경상북도 울진군 울진읍 울진중앙로 90
본도시락 경주시청점,경상북도 경주시 양정로 273 (동천동)
본죽 김천신음점,경상북도 김천시 시청로 40 (신음동) 현대아파트 상가 107호
본도시락 김천혁신점,경상북도 김천시 혁신3로 5 137호
본죽 포항오천점,경상북도 포항시 남구 오천읍 충무로 24
본죽 경주안강점,경상북도 경주시 안강읍 비화동길 4-1
본죽 경북예천점,경상북도 예천군 예천읍 중앙로 34
본 죽&비빔밥 포항문덕원동점,경상북도 포항시 남구 오천읍 냉천로320번길 51-6
본 죽&비빔밥 포항효자점,"경상북도 포항시 남구 효성로 12-3 (효자동, 새바빌딩) 1층"
본 죽&비빔밥 경산하양점,경상북도 경산시 하양읍 하양로 56
본죽 경북의성점,경상북도 의성군 의성읍 군청길 3 1층
본도시락 경북영천점,경상북도 영천시 호국로 36-1 (야사동)
본 죽&비빔밥 포항세명병원점,경상북도 포항시 남구 상공로 132 (대도동)
본 죽&비빔밥 김천혁신점,경상북도 김천시 혁신3로 19
본 죽&비빔밥 구미옥계점,경상북도 구미시 옥계북로 17 (옥계동)
본죽 경산터미널점,경상북도 경산시 경안로 196 경산시외버스정류장
본죽 경북청도점,경상북도 청도군 청도읍 청화로 88
본죽 포항죽도오거리점,"경상북도 포항시 북구 중흥로 319 (죽도동, 굿모닝메디칼센터) 102호"
본죽 경북성주점,경상북도 성주군 성주읍 시장길 10-3
본죽 고령점,경상북도 고령군 대가야읍 중앙로 17
본도시락 포항양덕점,경상북도 포항시 북구 장량로 146 (양덕동) 1층
본죽 경산신대부적점,경상북도 경산시 압량면 압독3로 27
본죽 구미인동점,경상북도 구미시 인동가산로 14 (진평동) 메가박스 1층 108호
본 죽&비빔밥 안동강남점,경상북도 안동시 강남5길 5 1층 5호
본 죽&비빔밥 포항시외버스터미널점,경상북도 포항시 북구 중흥로 119 (죽도동)
본 죽&비빔밥 경산사동점,경상북도 경산시 백자로10길 11 경산사동사랑으로부영6차 상가2동 203호
본죽 칠곡석적점,경상북도 칠곡군 석적읍 유학로 3 (중리)
본죽 포항선린점,경상북도 포항시 북구 대신로 40-2 (대신동)
본죽 경북군위점,경상북도 군위군 군위읍 동서길 39
본도시락 구미옥계점,경상북도 구미시 옥계북로 74 (옥계동)
본 죽&비빔밥 구미역점,경상북도 구미시 구미중앙로 91 1층
본죽 포항흥해점,경상북도 포항시 북구 흥해읍 중성로 38
본죽 안동점,경상북도 안동시 광명로 178 (옥동) 옥동빌딩 108호
본도시락 구미역점,경상북도 구미시 구미중앙로 132 (원평동)
본도시락 구미형곡송정점,경상북도 구미시 신시로 60 (형곡동)
본 죽&비빔밥 구미형곡송정점,경상북도 구미시 신시로 68-3
본죽 칠곡북삼점,경상북도 칠곡군 북삼읍 금오대로 284
본죽 구미상모점,경상북도 구미시 상사서로 77 (상모동) 우주빌딩 1층
본도시락 경북안동점,경상북도 안동시 경북대로 434 (옥동)
본죽 포항창포점,경상북도 포항시 북구 대곡로 50 1층
본 죽&비빔밥 포항양덕점,경상북도 포항시 북구 양덕로 47
본죽 포항상원점,경상북도 포항시 북구 중앙로 269 (상원동)
본죽 경북왜관점,경상북도 칠곡군 왜관읍 중앙로 189-1
본죽 경북영천점,경상북도 영천시 완산동 1061-8
본죽 경북영주점,경상북도 영주시 중앙로 86-5 (하망동)
본죽 안동성소병원점,경상북도 안동시 서동문로 106-1 (광석동)
본죽 점촌점,경상북도 문경시 중앙8길 6 (점촌동)
본죽 김천역점,경상북도 김천시 김천로 105 (평화동)
본죽 구미구평점,경상북도 구미시 인동 36길 6 (진평동) 성원빌딩 101호
본죽 구미원호문성점,경상북도 구미시 고아읍 문장로 192 101호
본죽 경주중앙로점,경상북도 경주시 중앙로 27-2 (노동동)
본죽 경주황성점,경상북도 경주시 황성로27번길 3 (황성동)
본죽 경산계양점,경상북도 경산시 원효로 158 (계양동)
본죽 김해삼계점,"경상남도 김해시 해반천로130번길 39 (삼계동, 코아루센텀 오피스텔)"
본 죽&비빔밥 마산호계점,"경상남도 창원시 마산회원구 내서읍 호원로 311 (호계리, 호계리치프라자) 105호"
본도시락 마산신포점,"경상남도 창원시 마산합포구 동서동3길 16(신포동1가, 신우희가로밀리온) 1층"
본도시락 진해석동점,"경남 창원시 진해구 냉천로 160 (자은동, 자은빌딩) 109호"
본 죽&비빔밥 김해율하2지구점,경상남도 김해시 율하로 488-1 (장유동) 110호
(취소)본도시락 진해석동점,"경상남도 창원시 진해구 냉천로 160 (자은동, 자은빌딩) 109호"
본 죽&비빔밥 양산삼성동점,경상남도 양산시 북정로 19 (북정동)
본 죽&비빔밥 진주한일병원점,경상남도 진주시 범골로 56 (충무공동) 102호
본설렁탕 창원시청점,"경상남도 창원시 성산구 용지로 159 (용호동, 대구은행빌딩) 107호"
본 죽&비빔밥 양산남부시장점,"경상남도 양산시 중앙로 136 (중부동, 서강한의원) 1층"
본설렁탕 양산증산점,"경상남도 양산시 물금읍 백호로 96 (가촌리, 미소프라자) 101호"
본 죽&비빔밥 거제아주점,경상남도 거제시 아주로 40 (아주동) 1층
본 죽&비빔밥 마산내서점,"경상남도 창원시 마산회원구 내서읍 삼계로 2 (삼계리, 삼계웰빙프라자빌딩) 112호"
본 죽&비빔밥 창원팔용점,"경상남도 창원시 의창구 팔용로 428 (팔용동, 드림피아) 114호"
본도시락 양산시청점,"경상남도 양산시 양산역로 85 (중부동, 시티타워) 1층 120호"
본도시락 양산서창점,"경상남도 양산시 서창로 65 (명동, 서광빌딩) 1층"
본 죽&비빔밥 삼천포점,경상남도 사천시 남일로 4 (동금동) 1층
본 죽&비빔밥 경남고성점,경상남도 고성군 고성읍 중앙로 60-1 (동외리) 1층
본 죽&비빔밥 마산산호점,경상남도 창원시 마산합포구 합포로 261 (산호동) 1층
본 죽&비빔밥 밀양점,경상남도 밀양시 석정로 37 (내일동) 1층
본 죽&비빔밥 진해자은점,"경상남도 창원시 진해구 냉천로 106 (자은동, 성원아파트) 1층"
본도시락 양산물금점,"경상남도 양산시 물금읍 삽량로 36 (범어리, 스타프라자 빌딩) 117호"
본도시락 삼천포점,"경상남도 사천시 벌리로 6 (벌리동, 신라장) 1층"
본 죽&비빔밥 통영죽림점,경남 통영시 광도면 죽림4로 52 (죽림리) 1층
본 죽&비빔밥 진주역점,"경상남도 진주시 진주역로 116 (가좌동, 더퍼스트웰가시티) 107호"
본도시락 창원시티세븐점,"경상남도 창원시 성산구 원이대로 320 (대원동, 더시티세븐) G동 120호"
본도시락 경남사천점,경남 사천시 사천읍 수석리 320-15 1층
본도시락 김해율하점,경상남도 김해시 율하2로 224 (율하동)
본도시락 양산증산점,"경상남도 양산시 물금읍 새실로 159 (가촌리, 나래메트로시티) 106호"
본 죽&비빔밥 김해율하점,경상남도 김해시 율하3로 37 (율하동) 101호
본 죽&비빔밥 창원유니시티점,경남 창원시 의창구 중동중앙로 47 (중동) 1층
본도시락 김해내외동점,경상남도 김해시 경원로55번길 38 (내동) 102호
본 죽&비빔밥 김해휴앤락몰점,경상남도 김해시 내외중앙로 137 (내동) 118호
본도시락 마산역점,"경남 창원시 마산회원구 3.15대로 711 (석전동, 대아빌딩) 101호"
본죽 창원무동점,경상남도 창원시 의창구 북면 무동로226번길 18 107호
본죽 창원도계점,경상남도 창원시 의창구 태복산로23번길 39 (도계동) 101호
본도시락 진주시청점,경상남도 진주시 모덕로 175 (상대동) 1층
본 죽&비빔밥 김해가야대역점,경상남도 김해시 가야로 26 (삼계동)
본 죽&비빔밥 창원한마음병원점,경상남도 창원시 의창구 용동로 45 (사림동) 202-1호
본도시락 진주혁신점,경상남도 진주시 에나로77번길 4 (충무공동) 크리스탈빌딩 103호
본도시락 김해시청점,경상남도 김해시 호계로 436 (부원동)
본도시락 마산양덕점,"경상남도 창원시 마산회원구 삼호로 80 (양덕동, 메트로시티2단지) 210동 128호"
본 죽&비빔밥 김해주촌점,경상남도 김해시 주촌면 선지로46번길 5-11
본도시락 진주평거점,경상남도 진주시 진양호로 325 (신안동) 1층
본 죽&비빔밥 양산부산대병원점,경상남도 양산시 물금읍 화합2길 8
본도시락 창원대방점,"경상남도 창원시 성산구 가양로124번길 1 (대방동, 무궁화빌딩) 1동 1층 103호"
본죽 양산석산점,경상남도 양산시 동면 금오2길 67
본 죽&비빔밥 진주하대점,경상남도 진주시 도동로 235 (하대동) 1층
본죽 진주평안점,경남 진주시 진주대로1108번길 2 (평안동) b동
본도시락 밀양점,경상남도 밀양시 백민로 27 (내이동)
본 죽&비빔밥 창원명곡점,"경상남도 창원시 의창구 지귀로12번길 30 (봉곡동, 스카이빌딩)"
(전환)본죽 마산호계점,경상남도 창원시 마산회원구 내서읍 호원로 311 호계리치프라자 105호
본죽 진주가좌점,경상남도 진주시 동부로 1 (가좌동)
본죽 신마산점,"경상남도 창원시 마산합포구 월영동로 7 (해운동, 킴즈타운) 킴즈타운 104호"
본죽 창녕남지점,경상남도 창녕군 남지읍 낙동로 519
본죽 진해장천점,"경상남도 창원시 진해구 충장로657번길 28, 1층 118호(장천동,이임시티빌딩)"
본도시락 창원팔용점,경상남도 창원시 의창구 사화로 76-1
본 죽&비빔밥 진해석동점,경상남도 창원시 진해구 진해대로776번길 5-1 (석동)
본 죽&비빔밥 진주신안점,경상남도 진주시 진양호로 299 (신안동)
본죽 경남하동점,경상남도 하동군 하동읍 중앙로 13
본죽 양산서창점,경상남도 양산시 서창로 176 (삼호동)
본죽 진해신항점,"경상남도 창원시 진해구 신항동로 141 (용원동, 애플타운헤리티지) 106호"
본죽 진주시청점,경상남도 진주시 동진로 160 (상대동)
본 죽&비빔밥 김해진영점,경상남도 김해시 진영읍 김해대로361번길 12 (진영읍) 시티프라자 103호
본 죽&비빔밥 진주초전점,경상남도 진주시 초전북로 74 (초전동) 금광빌 1층
본죽 김해장유대청점,"경상남도 김해시 번화1로80번길 15 (대청동, 다성빌딩)"
본죽 창원중앙동점,"경상남도 창원시 성산구 용지로133번길 13 (중앙동, 웅남상가) 1층"
본도시락 김해진영점,경상남도 김해시 진영읍 장등로 30-1
본죽 창원가음점,"경상남도 창원시 성산구 원이대로863번길 19 (가음동, 창원더샵센트럴파크) 2단지상가 101호"
본 죽&비빔밥 마산석전양덕점,경상남도 창원시 마산회원구 3·15대로 654 (석전동) 1층
본도시락 진해용원점,경상남도 창원시 진해구 용재로47번길 8 (용원동)
본죽 마산현동점,경상남도 창원시 마산합포구 현동7길 32 (현동) 208호
본죽 양산덕계점,경상남도 양산시 덕계로 56 (덕계동) (덕계동)1층
본도시락 거제고현점,경상남도 거제시 거제중앙로 1911-1 정원빌딩
본죽 진해충무점,경상남도 창원시 진해구 충장로 102-1
본죽 진주평거점,경상남도 진주시 진양호로225번길 8 원정로열팰리스 103동 101호
본죽 마산연세병원점,경상남도 창원시 마산합포구 문화동3길 2 (월남동2가) 1층
본죽 마산중앙점,"경상남도 창원시 마산합포구 3·15대로 240-1 (중앙동3가, 가덕여관) 1층"
본죽 통영항남점,경상남도 통영시 새터길 75-5
본죽 통영점,경상남도 통영시 원문로 11 진우마리나타운101-6
본 죽&비빔밥 김해내외동점,경상남도 김해시 내외중앙로 68 (내동)
본죽 창원반송점,경상남도 창원시 성산구 반송로 148-16 (반림동)
본 죽&비빔밥 양산물금역점,경남 양산시 물금읍 물금1길 14 (물금리) 세현타워102호
본 죽&비빔밥 창원스카이웰빙점,"경상남도 창원시 성산구 동산로 122 (상남동, 스카이웰빙파크) 스카이웰빙파크 119-1호"
본죽 김해서상점,경상남도 김해시 가락로 76-1 (서상동)
본도시락 진주경상국립대점,경상남도 진주시 진주대로920번길 18
본죽 마산회원동점,"경상남도 창원시 마산회원구 북성로 138 (회원동, 천지리치빌) 천지리치빌 104호"
본 죽&비빔밥 진주혁신중앙점,경상남도 진주시 충의로 20-37 (충무공동) 배재2빌딩 108호
본죽 양산통도사점,경상남도 양산시 하북면 통도사로 38 (현문학원) 1층
본도시락 창원중앙점,"경상남도 창원시 성산구 용지로 161 (용호동, 경남빌딩) 101호"
본 죽&비빔밥 창원감계점,경상남도 창원시 의창구 북면 감계로110번길 54-7 (북면) 1층
본도시락 마산경남대점,경상남도 창원시 마산합포구 월영동서로 15 (해운동)
본죽 창원경상대학교병원점,경상남도 창원시 성산구 삼정자로 11 창원경상대학교병원 지하 1층
본죽 마산합성점,경상남도 창원시 마산회원구 합성옛길 136 (합성동)
본죽 양산증산점,경상남도 양산시 물금읍 야리로 45
본죽 진주평거더퀸즈웰가점,경상남도 진주시 새평거로 25 더 퀸즈 웰가 103호 상가2동
본도시락 김해장유대청점,경상남도 김해시 번화1로 82 (대청동) 옥스포드빌딩 110호
본도시락 창원상남점,경상남도 창원시 성산구 원이대로 678 (상남동)
본죽 김해삼방점,경상남도 김해시 삼안로 229 (삼방동)
본죽 거제중곡점,"경상남도 거제시 중곡로 40 (고현동, 덕산베스트타운) 덕산베스트타운 20동 118호"
본 죽&비빔밥 거제고현점,경상남도 거제시 서문로 73 (고현동) 1층 102호
본죽 함안점,경상남도 함안군 가야읍 가야로 51
본죽 마산오동동점,경상남도 창원시 마산합포구 오동동10길 73 서광아침의빛상가 102호
본죽 경남의령점,경상남도 의령군 의령읍 의병로 227
본죽 창녕점,경상남도 창녕군 창녕읍 종로 20
본죽 남해점,경상남도 남해군 남해읍 화전로 54-1
본죽 함양점,경상남도 함양군 함양읍 용평중앙길 7-10 1층
본죽 합천점,경상남도 합천군 합천읍 충효로 73-1 (합천리) 교동 593-3
본죽 경남거창점,경상남도 거창군 거창읍 중앙로 150-1
본죽 창원소답점,경상남도 창원시 의창구 읍성로 64 (소답동) 1층
본죽 창원대방동점,경상남도 창원시 성산구 가양로124번길 13 (대방동) 엑스몰상가 106
본죽 진해용원동점,"경상남도 창원시 진해구 용재로 18 (용원동, 뉴타운BD)"
본죽 진주이현점,경상남도 진주시 서장대로 276-1 (이현동)
본죽 진주칠암점,경상남도 진주시 동진로 21 (칠암동)
본죽 양산점,경상남도 양산시 양산역6길 17 (중부동) 청림타워1층 101호
본죽 김해어방점,경상남도 김해시 인제로 159 (어방동)
본죽 김해구산로타리점,경상남도 김해시 구산로 38 (구산동)
본죽 김해장유삼문점,경남 김해시 능동로155번길 2 (부곡동) 월드피아상가 102호
본죽 김해복음병원점,경상남도 김해시 활천로 38 (삼정동)
본죽 경남거제옥포점,"경상남도 거제시 옥포대첩로 45 (옥포동, 건웅데파트) 건웅데파트 6호"
본죽 창원상남점,"경상남도 창원시 성산구 단정로 9 (상남동, 토토스빌딩) 101호"
본설렁탕 제주한라병원점,"제주특별자치도 제주시 도령로 73 (연동, 연동 펠리체) 제2층 제202호"
본도시락 제주시청점,제주특별자치도 제주시 이도이동 1169-2 1층
본 죽&비빔밥 제주함덕점,제주특별자치도 제주시 조천읍 신북로 507 (함덕리) 1층
본 죽&비빔밥 제주삼화점,제주특별자치도 제주시 건주로 43 (도련일동) 삼화로데오빌딩 107호
본도시락 제주삼화점,제주특별자치도 제주시 동화로 7 (화북일동) 1층 104호
본 죽&비빔밥 제주아라점,제주특별자치도 제주시 아란9길 6 (아라일동) 1층
본 죽&비빔밥 신제주점,"제주특별자치도 제주시 삼무로 2 (연동, 열린학원) 1층"
본도시락 제주아라점,제주특별자치도 제주시 아란5길 43 (아라일동) 101호
본 죽&비빔밥 제주노형점,"제주특별자치도 제주시 월랑로 39 (노형동, 동마빌딩) 1층"
본 죽&비빔밥 제주연동점,제주특별자치도 제주시 국기로 13-1 (연동)
본도시락 제주노형점,제주특별자치도 제주시 노형14길 12 (노형동)
본죽 제주영어마을점,제주특별자치도 서귀포시 대정읍 글로벌에듀로 382 제주이노에듀타운 A110호
본 죽&비빔밥 제주강정점,제주특별자치도 서귀포시 대청로25번길 4 (강정동) 103호
본죽 제주외도점,제주특별자치도 제주시 우정로 52
본죽 제주중앙점,제주특별자치도 제주시 중앙로 87
본죽 제주법원점,제주특별자치도 제주시 중앙로 320-1 (이도이동) 1층
본죽 제주서귀포점,제주특별자치도 서귀포시 중앙로 111 (서홍동)
본죽 제주일도점,제주특별자치도 제주시 고마로 101 (일도이동)
본 죽&비빔밥 세종소담점,"세종특별자치시 시청대로 236 (소담동, 새샘마을3단지) B상가 119호"
본 죽&비빔밥 세종나성점,"세종특별자치시 한누리대로 284 (나성동, 마들렌) 1층 106호"
본 죽&비빔밥 세종반곡점,"세종특별자치시 한누리대로 1820 (반곡동, 왕관빌딩) 103호"
본도시락 세종정부청사점,"세종특별자치시 도움8로 91 (어진동, 세종마치) 116호"
본도시락 세종조치원점,세종특별자치시 조치원읍 대첩로 38
본죽 세종새롬점,"세종특별자치시 새롬중앙로 51 (새롬동, 에스월드빌딩) 103호"
본죽 세종종촌점,"세종특별자치시 도움3로 105-5 (종촌동, 종촌중앙프라자) 종촌중앙프라자 104호"
본도시락 세종도담점,"세종특별자치시 보듬3로 6 (도담동, 라온프라이빗시티Ⅱ) 109호"
본죽 세종첫마을점,"세종특별자치시 노을3로 19 (한솔동, 첫마을2단지) 첫마을2단지 201동상가 129호"
본죽 세종아름점,"세종특별자치시 보듬3로 95 (아름동, 해피라움3)"
본 죽&비빔밥 세종정부청사점,"세종특별자치시 절재로 194 (어진동, 중앙타운) 112호"
본도시락 세종첫마을점,"세종특별자치시 노을3로 25 (한솔동, 세종프라자) 세종프라자 101호"
본죽 세종다정점,"세종특별자치시 다정서로 60 (다정동, 가온마을5단지) 상가2동 202호"
본죽 세종고운호반점,"세종특별자치시 고운서길 14 (고운동, 금화빌딩) 1층 101호"
본죽 세종도램마을점,"세종특별자치시 보듬3로 8-29 (도담동, 해피라움6) 110호"
본 죽&비빔밥 세종시청점,"세종특별자치시 한누리대로 2144 (보람동, 스마트허브Ⅱ) 105호"
본도시락 세종시청점,"세종특별자치시 한누리대로 2135 (보람동, 스타힐타워Ⅰ) 스타힐타워1동 103호"
본죽 세종소담점,"세종특별자치시 시청대로 236 (소담동, 새샘마을3단지) B상가동 119호"
본죽 세종고운점,"세종특별자치시 마음로 264 (고운동, 고운프라자)"
본죽 세종부강점,세종특별자치시 부강면 부강로 26-5
본죽 조치원점,세종특별자치시 조치원읍 조치원7길 7
