Index,Titles
1,탑건: 매버릭
2,마녀(魔女) Part2. The Other One
3,범죄도시2
4,브로커
5,버즈 라이트이어
6,헤어질 결심
7,닥터 스트레인지: 대혼돈의 멀티버스
8,쥬라기 월드: 도미니언
9,토르: 러브 앤 썬더
10,실종
11,탑건
12,그대가 조국
13,니얼굴
14,룸 쉐어링
15,외계+인 1부
16,극장판 윌벤져스 : 수상한 캠핑 대소동
17,스파이더헤드
18,한산: 용의 출현
19,두개의 눈
20,극장판 포켓몬스터DP: 기라티나와 하늘의 꽃다발 쉐이미
21,헌트
22,디어 헌터
23,모어
24,마녀
25,미친 능력
26,비상선언
27,더 킬러: 죽어도 되는 아이
28,카시오페아
29,미니언즈2
30,극장판 주술회전 0
31,경아의 딸
32,니 부모 얼굴이 보고 싶다
33,컴온 컴온
34,리멤버 미
35,아부쟁이
36,개들의 도시
37,센티그레이드
38,더 렛지
39,민스미트 작전
40,감동주의보
41,신비한 동물들과 덤블도어의 비밀
42,우스운게 딱! 좋아!
43,고스트랜드
44,어느 가족
45,애프터 양
46,이공삼칠
47,뒤틀린 집
48,클라우스
49,엘비스
50,윤시내가 사라졌다
